time_s,u_i_V,u_R_V,u_L_V
0.0,-3.0,-3.0,0.0
1e-11,-2.94,-2.9999999879400034,0.0599999879400035
2e-11,-2.88,-2.999999963880011,0.1199999638800109
4e-11,-2.76,-2.9999998917600403,0.2399998917600406
8.000000000000001e-11,-2.52,-2.999999603520243,0.479999603520243
1.6e-10,-2.04,-2.999998451041801,0.9599984510418009
3.2e-10,-1.08,-2.9999938420941383,1.919993842094138
6.400000000000001e-10,0.8399999999999999,-2.999975408272554,3.839975408272554
1e-09,3.0,-2.9999399824171844,5.999939982417184
1.064e-09,3.0,-2.9999323025038436,5.999932302503844
1.192e-09,3.0,-2.9999169426968244,5.999916942696824
1.448e-09,3.0,-2.9998862232007486,5.999886223200749
1.96e-09,3.0,-2.9998247846804507,5.999824784680451
2.984e-09,3.0,-2.999701909527226,5.999701909527226
5.032e-09,3.0,-2.99945616677007,5.99945616677007
9.128e-09,3.0,-2.9989647114513884,5.998964711451388
1.732e-08,3.0,-2.9979819215841896,5.99798192158419
3.370400000000001e-08,3.0,-2.9960168248315426,5.996016824831543
6.647200000000001e-08,3.0,-2.992088562462162,5.992088562462162
1.32008e-07,3.0,-2.9842397559432587,5.984239755943259
2.630800000000001e-07,3.0,-2.9685729652689776,5.968572965268978
5.252240000000001e-07,3.0,-2.9373622704359033,5.937362270435903
1.049512e-06,3.0,-2.8754292222367317,5.875429222236732
2.098088e-06,3.0,-2.7534911542319094,5.753491154231909
4.195240000000001e-06,3.0,-2.5171291160574913,5.517129116057491
8.389544000000002e-06,3.0,-2.072949044605842,5.072949044605842
1.6778152e-05,3.0,-1.2877192739658971,4.287719273965897
3.355536800000001e-05,3.0,-0.05569825464157985,3.05569825464158
6.710980000000001e-05,3.0,1.479738910350709,1.520261089649291
0.0001017139889486777,3.0,2.261399605598788,0.7386003944012121
0.0001488459802511456,3.0,2.734603387224941,0.2653966127750591
0.0002037453588505879,3.0,2.922726919366648,0.07727308063335192
0.0002637453588505879,3.0,2.9806817298054398,0.01931827019456023
0.0003237453588505879,3.0,2.995170432442304,0.004829567557695924
0.0003837453588505879,3.0,2.998792608108312,0.001207391891687948
0.0004437453588505879,3.0,2.999698152026512,0.0003018479734882007
0.000500001,3.0,2.999915496515868,8.450348413191477e-05
0.0005000011000000001,2.399999999795396,2.999914296087277,-0.5999142962918809
0.0005000013,1.200000000036711,2.999909495239701,-1.79990949520299
0.0005000017,-1.200000000131181,2.9998854936597703,-4.199885493790951
0.000500002,-3.0,2.999854892638642,-5.999854892638642
0.00050000208,-3.0,2.9998452928861834,-5.999845292886183
0.0005000022400000001,-3.0,2.9998260934119836,-5.999826093411984
0.0005000025600000001,-3.0,2.9997876946478996,-5.9997876946479
0.0005000032000000001,-3.0,2.9997108978569846,-5.999710897856985
0.0005000044800000001,-3.0,2.9995573072241104,-5.99955730722411
0.0005000070400000002,-3.0,2.99925013775382,-5.99925013775382
0.0005000121600000002,-3.0,2.998635845992057,-5.998635845992057
0.0005000224000000004,-3.0,2.9974074511596367,-5.997407451159637
0.0005000428800000007,-3.0,2.994951416066046,-5.994951416066046
0.0005000838400000014,-3.0,2.9900423626191284,-5.990042362619128
0.0005001657600000027,-3.0,2.980236310339892,-5.980236310339892
0.0005003296000000053,-3.0,2.960672325649943,-5.960672325649943
0.0005006572800000104,-3.0,2.92173604992319,-5.92173604992319
0.0005013126400000207,-3.0,2.8446240325625096,-5.84462403256251
0.0005026233600000414,-3.0,2.6933929366919473,-5.693392936691947
0.0005052448000000826,-3.0,2.4025202308393077,-5.402520230839308
0.0005104876800001652,-3.0,1.86424599810503,-4.86424599810503
0.0005209734400003303,-3.0,0.9409538730085099,-3.94095387300851
0.0005419449600006605,-3.0,-0.4254469608345479,-2.574553039165452
0.0005766823528993736,-3.0,-1.75296649300956,-1.24703350699044
0.0006109159625078144,-3.0,-2.389028628858852,-0.6109713711411482
0.0006624053099340026,-3.0,-2.8043517880097344,-0.1956482119902656
0.0007207227032612922,-3.0,-2.9484887458691036,-0.05151125413089641
0.0007807227032612923,-3.0,-2.9871221864431297,-0.01287781355687034
0.0008407227032612923,-3.0,-2.9967805466047452,-0.003219453395254757
0.0009007227032612924,-3.0,-2.9991951366496763,-0.0008048633503237035
0.0009607227032612924,-3.0,-2.999798784162041,-0.0002012158379591789
0.001,-3.0,-2.9999122730702177,-8.772692978231689e-05
0.0010000001,-2.399999999795396,-2.9999110726480733,0.5999110728526773
0.0010000003,-1.19999999938619,-2.999906271813389,1.799906272427199
0.0010000007,1.200000000131181,-2.9998822702592443,4.199882270390425
0.001000001,2.99999999944395,-2.999851669257469,5.999851668701419
0.00100000108,3.0,-2.9998420695101693,5.999842069510169
0.00100000124,3.0,-2.9998228700462866,5.999822870046287
0.00100000156,3.0,-2.9997844713028377,5.999784471302838
0.0010000022,3.0,-2.99970767455319,5.99970767455319
0.00100000348,3.0,-2.9995540840028507,5.999554084002851
0.00100000604,3.0,-2.999246914697621,5.999246914697621
0.001000011159999999,3.0,-2.9986326232659497,5.99863262326595
0.001000021399999998,3.0,-2.997404229093611,5.997404229093611
0.001000041879999996,3.0,-2.9949481953197763,5.994948195319776
0.001000082839999992,3.0,-2.990039144510747,5.990039144510747
0.001000164759999985,3.0,-2.9802330975008067,5.980233097500807
0.00100032859999997,3.0,-2.9606691233235853,5.960669123323585
0.001000656279999939,3.0,-2.9217328685192614,5.921732868519261
0.001001311639999878,3.0,-2.8446208925946834,5.844620892594683
0.001002622359999757,3.0,-2.6933898779877534,5.693389877987753
0.001005243799999514,3.0,-2.4025173284335706,5.402517328433571
0.001010486679999028,3.0,-1.8642433849327888,4.864243384932789
0.001020972439998056,3.0,-0.9409517559382481,3.940951755938248
0.001041943959996113,3.0,0.4254483437553418,2.574551656244658
0.001076681352894825,3.0,1.752967162853414,1.247032837146586
0.001110914962503524,3.0,2.3890289570456003,0.6109710429543997
0.001162404327296035,3.0,2.8043519855718757,0.1956480144281243
0.001220721730179306,3.0,2.948488812802709,0.05151118719729109
0.001280721730179306,3.0,2.987122203176531,0.01287779682346901
0.001340721730179306,3.0,2.996780550788096,0.003219449211904202
0.001400721730179306,3.0,2.9991951376955144,0.0008048623044856207
0.001460721730179306,3.0,2.999798784423502,0.0002012155764981038
0.001500001,3.0,2.9999122772774762,8.772272252377533e-05
0.0015000011,2.400000000445918,2.9999110768553257,-0.5999110764094078
0.0015000013,1.200000000036711,2.999906276020625,-1.799906275983914
0.0015000017,-1.200000000781703,2.999882274466442,-4.199882275248145
0.001500002,-3.0,2.9998516734646383,-5.999851673464638
0.00150000208,-3.0,2.9998420737173284,-5.999842073717328
0.00150000224,-3.0,2.9998228742534288,-5.999822874253429
0.00150000256,-3.0,2.9997844755099443,-5.999784475509944
0.0015000032,-3.0,2.9997076787602266,-5.999707678760227
0.00150000448,-3.0,2.999554088209745,-5.999554088209745
0.001500007040000001,-3.0,2.999246918904232,-5.999246918904232
0.001500012160000001,-3.0,2.9986326274719977,-5.998632627471998
0.001500022400000003,-3.0,2.9974042332985302,-5.99740423329853
0.001500042880000005,-3.0,2.994948199522441,-5.994948199522441
0.00150008384000001,-3.0,2.9900391487089077,-5.990039148708908
0.00150016576000002,-3.0,2.9802331016899712,-5.980233101689971
0.001500329600000041,-3.0,2.9606691274948096,-5.96066912749481
0.001500657280000081,-3.0,2.9217328726548217,-5.921732872654822
0.001501312640000163,-3.0,2.84462089665978,-5.84462089665978
0.001502623360000326,-3.0,2.6933898819152944,-5.693389881915294
0.001505244800000651,-3.0,2.402517332098995,-5.402517332098995
0.001510487680001302,-3.0,1.8642433881221052,-4.864243388122105
0.001520973440002604,-3.0,0.9409517583409879,-3.940951758340988
0.001541944960005208,-3.0,-0.42544834243060103,-2.574551657569399
0.001576682352903923,-3.0,-1.752967162211814,-1.247032837788186
0.001610915962512105,-3.0,-2.3890289567241063,-0.6109710432758937
0.001662405327285987,-3.0,-2.8043519853697365,-0.1956480146302635
0.00172072273016067,-3.0,-2.9484888127360813,-0.05151118726391868
0.00178072273016067,-3.0,-2.9871222031598736,-0.01287779684012635
0.00184072273016067,-3.0,-2.9967805507839316,-0.003219449216068426
0.00190072273016067,-3.0,-2.9991951376944734,-0.0008048623055265658
0.00196072273016067,-3.0,-2.9997987844232403,-0.0002012155767596724
0.002,-3.0,-2.9999122731282917,-8.772687170832683e-05
0.0020000001,-2.399999999795396,-2.9999110727061464,0.5999110729107504
0.0020000003,-1.19999999938619,-2.999906271871462,1.799906272485272
0.0020000007,1.200000001432224,-2.999882270317311,4.199882271749535
0.002000001,2.99999999944395,-2.9998516693155515,5.999851668759502
0.00200000108,3.0,-2.9998420695682526,5.999842069568253
0.00200000124,3.0,-2.9998228701043708,5.999822870104371
0.00200000156,3.0,-2.99978447136092,5.99978447136092
0.0020000022,3.0,-2.9997076746112716,5.999707674611272
0.00200000348,3.0,-2.9995540840609287,5.999554084060929
0.00200000604,3.0,-2.9992469147556964,5.999246914755696
0.002000011159999999,3.0,-2.998632623324019,5.998632623324019
0.002000021399999998,3.0,-2.9974042291516687,5.997404229151669
0.002000041879999996,3.0,-2.9949481953778108,5.994948195377811
0.002000082839999993,3.0,-2.9900391445687324,5.990039144568732
0.002000164759999985,3.0,-2.980233097558698,5.980233097558698
0.00200032859999997,3.0,-2.9606691233812894,5.960669123381289
0.002000656279999939,3.0,-2.9217328685765853,5.921732868576585
0.002001311639999879,3.0,-2.844620892651264,5.844620892651264
0.002002622359999757,3.0,-2.6933898780428676,5.693389878042868
0.002005243799999514,3.0,-2.402517328485871,5.402517328485871
0.002010486679999028,3.0,-1.8642433849798774,4.864243384979877
0.002020972439998056,3.0,-0.9409517559763989,3.940951755976399
0.002041943959996113,3.0,0.4254483437304182,2.574551656269582
0.002076681352894825,3.0,1.752967162841327,1.247032837158673
0.002110914962503524,3.0,2.3890289570396805,0.6109710429603195
0.002162404327295721,3.0,2.8043519855683114,0.1956480144316886
0.002220721730178821,3.0,2.9484888128015028,0.05151118719849723
0.002280721730178821,3.0,2.98712220317623,0.0128777968237701
0.002340721730178822,3.0,2.9967805507880203,0.003219449211979697
0.002400721730178822,3.0,2.999195137695495,0.0008048623045051606
0.002460721730178822,3.0,2.999798784423496,0.000201215576503877
0.002500001,3.0,2.999912277277475,8.77227225251076e-05
0.0025000011,2.400000000445918,2.9999110768553234,-0.5999110764094056
0.0025000013,1.200000000036711,2.999906276020622,-1.799906275983911
0.0025000017,-1.200000000781703,2.999882274466435,-4.199882275248138
0.002500002,-3.0,2.999851673464609,-5.999851673464609
0.00250000208,-3.0,2.9998420737172964,-5.999842073717296
0.002500002240000001,-3.0,2.9998228742533932,-5.999822874253393
0.002500002560000001,-3.0,2.999784475509898,-5.999784475509898
0.002500003200000001,-3.0,2.9997076787601618,-5.999707678760162
0.002500004480000001,-3.0,2.9995540882096456,-5.999554088209646
0.002500007040000002,-3.0,2.999246918904067,-5.999246918904067
0.002500012160000004,-3.0,2.9986326274716966,-5.998632627471697
0.002500022400000007,-3.0,2.997404233297962,-5.997404233297962
0.002500042880000014,-3.0,2.994948199521339,-5.994948199521339
0.002500083840000028,-3.0,2.990039148706739,-5.990039148706739
0.002500165760000056,-3.0,2.9802331016856796,-5.98023310168568
0.002500329600000112,-3.0,2.9606691274862964,-5.960669127486296
0.002500657280000224,-3.0,2.921732872637948,-5.921732872637948
0.002501312640000447,-3.0,2.8446208966265134,-5.844620896626513
0.002502623360000894,-3.0,2.6933898818505204,-5.69338988185052
0.002505244800001788,-3.0,2.4025173319760658,-5.402517331976066
0.002510487680003576,-3.0,1.864243387900519,-4.864243387900519
0.002520973440007152,-3.0,0.9409517579802551,-3.940951757980255
0.002541944960014303,-3.0,-0.42544834291118816,-2.574551657088812
0.002576682352913021,-3.0,-1.752967162444678,-1.247032837555322
0.002610915962520687,-3.0,-2.389028956831048,-0.6109710431689521
0.002662405327298611,-3.0,-2.8043519854255003,-0.1956480145744997
0.002720722730177181,-3.0,-2.9484888127568305,-0.0515111872431695
0.002780722730177181,-3.0,-2.9871222031650606,-0.01287779683493939
0.002840722730177181,-3.0,-2.996780550785228,-0.00321944921477213
0.002900722730177181,-3.0,-2.9991951376947967,-0.0008048623052032688
0.002960722730177181,-3.0,-2.999798784423321,-0.0002012155766788482
0.003,-3.0,-2.999912273128292,-8.772687170788274e-05
