time_s,u_i_V,u_after_R_V
0.0,0.0,0.0
3.125000000000001e-08,0.002776800051376153,0.002772573567249223
3.387767445008923e-08,0.00301028856194815,0.003005676812444737
3.913302335026768e-08,0.003477265330559225,0.003471823299999662
4.964372115062458e-08,0.004411217679442176,0.004403756677137181
7.06651167513384e-08,0.006279116198193599,0.006266184535983294
1.12707907952766e-07,0.01001487711443135,0.00998528064833958
1.967934903556212e-07,0.01748616322152069,0.01740040233819068
3.649646551613317e-07,0.03242706264765667,0.03213810788691335
7.013069847727525e-07,0.06229633230714803,0.06124134189541077
1.373991643995594e-06,0.1219380825033732,0.1179432211944246
2.719360962441278e-06,0.2404620433346486,0.2252070869939862
5.410099599332644e-06,0.4715240836710108,0.4142997206025353
8.535099599332644e-06,0.722576061890096,0.5888891337048099
1.166009959933264e-05,0.9458598472760691,0.7129475612428009
1.478509959933264e-05,1.132794769175536,0.7856593921794088
1.791009959933264e-05,1.276197023374213,0.807622479341211
2.103509959933264e-05,1.370555741664155,0.7809044499704939
2.416009959933265e-05,1.412244771418458,0.7090313034015028
2.728509959933265e-05,1.399662026603142,0.5969103247355136
3.041009959933265e-05,1.333291055044975,0.4506916422784976
3.353509959933265e-05,1.215682455959667,0.2775749209944155
3.666009959933265e-05,1.051355861854405,0.08556962661607626
3.978509959933265e-05,0.8466262515852382,-0.1167810631809779
4.291009959933265e-05,0.6093612692611224,-0.3207013494204254
4.603509959933266e-05,0.3486788750930385,-0.5174966973394051
4.916009959933266e-05,0.0745969472964956,-0.6988679082449042
5.228509959933266e-05,-0.2023516993502028,-0.857212839370401
5.541009959933266e-05,-0.4715240836710121,-0.9859037744645679
5.853509959933266e-05,-0.7225760618900977,-1.079529440561717
6.166009959933266e-05,-0.94585984727607,-1.134092073928052
6.478509959933266e-05,-1.132794769175537,-1.14715170760107
6.791009959933265e-05,-1.276197023374213,-1.117911917224917
7.103509959933265e-05,-1.370555741664155,-1.047243542545342
7.416009959933264e-05,-1.412244771418458,-0.937645312042622
7.728509959933264e-05,-1.399662026603142,-0.7931427457507436
8.041009959933263e-05,-1.333291055044975,-0.6191291028102686
8.353509959933263e-05,-1.215682455959668,-0.4221543842839706
8.666009959933262e-05,-1.051355861854407,-0.209670412386075
8.978509959933261e-05,-0.8466262515852404,0.01025829239238518
9.291009959933261e-05,-0.609361269261126,0.2292667897915345
9.60350995993326e-05,-0.3486788750930435,0.4390132084793455
9.91600995993326e-05,-0.07459694729650143,0.6315010608663248
0.0001022850995993326,0.2023516993501952,0.7993880383626258
0.0001054100995993326,0.4715240836710055,0.9362694551858564
0.0001085350995993326,0.7225760618900915,1.036925478121279
0.0001116600995993326,0.9458598472760653,1.097522667074017
0.0001147850995993326,1.132794769175532,1.115762103417525
0.0001179100995993326,1.27619702337421,1.090968432614068
0.0001210350995993326,1.370555741664153,1.02411641552806
0.0001241600995993326,1.412244771418457,0.9177939820532517
0.0001272850995993326,1.399662026603143,0.7761032188759878
0.0001304100995993326,1.333291055044977,0.6045031066542927
0.0001335350995993326,1.21568245595967,0.4096000589715966
0.0001366600995993326,1.05135586185441,0.1988943201207621
0.0001397850995993326,0.8466262515852426,-0.01950802597990797
0.0001429100995993326,0.6093612692611261,-0.2372063628142675
0.0001460350995993326,0.3486788750930437,-0.4458281960881049
0.0001491600995993326,0.07459694729649909,-0.6373507527798046
0.0001522850995993326,-0.2023516993502,-0.8044091620164167
0.0001554100995993326,-0.4715240836710088,-0.940579371523252
0.0001585350995993326,-0.7225760618900956,-1.040624924722506
0.0001616600995993327,-0.9458598472760699,-1.100698112740232
0.0001647850995993327,-1.132794769175536,-1.118487769244338
0.0001679100995993327,-1.276197023374213,-1.093308026794026
0.0001710350995993327,-1.370555741664155,-1.026124622430406
0.0001741600995993327,-1.412244771418458,-0.9195177403858619
0.0001772850995993327,-1.399662026603141,-0.7775828188045452
0.0001804100995993327,-1.333291055044974,-0.605773131522149
0.0001835350995993327,-1.215682455959664,-0.41069019363154
0.0001866600995993327,-1.051355861854401,-0.1998300447722142
0.0001897850995993327,-0.8466262515852346,0.01870484023092611
0.0001929100995993327,-0.609361269261115,0.236516942752112
0.0001960350995993327,-0.3486788750930317,0.4452364275928268
0.0001991600995993328,-0.07459694729648672,0.6368428041847073
0.0002022850995993328,0.2023516993502098,0.8039731608143892
0.0002054100995993328,0.4715240836710228,0.9402051268654243
0.0002085350995993328,0.7225760618901063,1.040303689223007
0.0002116600995993328,0.9458598472760772,1.100422378019696
0.0002147850995993328,1.132794769175544,1.118251090433225
0.0002179100995993328,1.276197023374218,1.093104871893833
0.0002210350995993328,1.370555741664158,1.025950243011825
0.0002241600995993328,1.412244771418458,0.9193680606016381
0.0002272850995993328,1.399662026603139,0.7774543401229009
0.0002304100995993328,1.333291055044969,0.6056628509540491
0.0002335350995993328,1.215682455959658,0.4105955335405072
0.0002366600995993329,1.051355861854395,0.1997487926260859
0.0002397850995993329,0.8466262515852226,-0.01877458357449191
0.0002429100995993329,0.609361269261106,-0.2365768074351137
0.0002460350995993329,0.3486788750930197,-0.4452878128589757
0.0002491600995993329,0.07459694729647687,-0.6368869110845443
0.0002522850995993328,-0.2023516993502171,-0.8040110202779867
0.0002554100995993328,-0.4715240836710275,-0.940237623798765
0.0002585350995993328,-0.7225760618901061,-1.040331583191281
0.0002616600995993328,-0.9458598472760771,-1.100446321000962
0.0002647850995993328,-1.132794769175542,-1.11827164205737
0.0002679100995993327,-1.276197023374217,-1.093122512523057
0.0002710350995993327,-1.370555741664156,-1.025965384968354
0.0002741600995993327,-1.412244771418458,-0.9193810578051189
0.0002772850995993327,-1.399662026603141,-0.7774654963627173
0.0002804100995993327,-1.333291055044975,-0.6056724269899292
0.0002835350995993326,-1.215682455959668,-0.410603753197371
0.0002866600995993326,-1.051355861854407,-0.1997558480256062
0.0002897850995993326,-0.8466262515852411,0.01876852752333935
0.0002929100995993326,-0.6093612692611267,0.2365716091815726
0.0002960350995993326,-0.3486788750930491,0.4452833509019623
0.0002991600995993326,-0.07459694729650213,0.6368830811327774
0.0003022850995993325,0.2023516993501896,0.8040077328123034
0.0003054100995993325,0.4715240836709989,0.9402348019797779
0.0003085350995993325,0.7225760618900845,1.040329161063375
0.0003116600995993325,0.9458598472760582,1.100444241950666
0.0003147850995993325,1.132794769175527,1.118269857490122
0.0003179100995993324,1.276197023374203,1.093120980727376
0.0003210350995993324,1.370555741664149,1.025964070140905
0.0003241600995993324,1.412244771418456,0.9193799292138576
0.0003272850995993324,1.399662026603145,0.7774645276285809
0.0003304100995993324,1.333291055044983,0.605671595470263
0.0003335350995993323,1.21568245595968,0.4106030394566984
0.0003366600995993323,1.051355861854423,0.1997552353813496
0.0003397850995993323,0.8466262515852652,-0.01876905339078205
0.0003429100995993323,0.6093612692611541,-0.2365720605635386
0.0003460350995993323,0.3486788750930736,-0.4452837383488081
0.0003491600995993323,0.07459694729653239,-0.6368834137004609
0.0003522850995993322,-0.2023516993501645,-0.8040080182740875
0.0003554100995993322,-0.471524083670975,-0.9402350470078827
0.0003585350995993322,-0.7225760618900626,-1.040329371384952
0.0003616600995993322,-0.9458598472760357,-1.10044442248165
0.0003647850995993322,-1.132794769175509,-1.118270012450149
0.0003679100995993321,-1.276197023374193,-1.093121113738398
0.0003710350995993321,-1.370555741664143,-1.025964184311843
0.0003741600995993321,-1.412244771418455,-0.9193800272132793
0.0003772850995993321,-1.399662026603149,-0.7774646117470689
0.0003804100995993321,-1.333291055044991,-0.605671667673956
0.000383535099599332,-1.215682455959696,-0.4106031014332462
0.000386660099599332,-1.051355861854444,-0.199755288579354
0.000389785099599332,-0.8466262515852855,0.01876900772790613
0.000392910099599332,-0.6093612692611768,0.2365720213684902
0.000396035099599332,-0.3486788750930981,0.4452837047054645
0.0003991600995993319,-0.07459694729655765,0.636883384822463
0.0004022850995993319,0.2023516993501345,0.8040079934864535
0.0004054100995993319,0.4715240836709464,0.9402350257312467
0.0004085350995993319,0.7225760618900366,1.040329353122006
0.0004116600995993319,0.9458598472760169,1.100444406805531
0.0004147850995993319,1.132794769175496,1.11826999899445
0.0004179100995993318,1.27619702337418,1.093121102188603
0.0004210350995993318,1.370555741664135,1.025964174398002
0.0004241600995993318,1.412244771418454,0.9193800187036708
0.0004272850995993318,1.399662026603152,0.7774646044427923
0.0004304100995993318,1.333291055045003,0.6056716614042869
0.0004335350995993317,1.215682455959709,0.4106030960516331
0.0004366600995993317,1.051355861854461,0.199755283960013
0.0004397850995993317,0.8466262515853057,-0.01876901169294676
0.0004429100995993317,0.6093612692611996,-0.2365720247719078
0.0004460350995993317,0.3486788750931275,-0.4452837076268054
0.0004491600995993316,0.07459694729658795,-0.6368833873300151
0.0004522850995993316,-0.2023516993501095,-0.8040079956388332
0.0004554100995993316,-0.4715240836709226,-0.9402350275787577
0.0004585350995993316,-0.7225760618900192,-1.040329354707835
0.0004616600995993316,-0.9458598472759944,-1.100444408166734
0.0004647850995993316,-1.132794769175475,-1.118270000162849
0.0004679100995993315,-1.276197023374171,-1.093121103191519
0.0004710350995993315,-1.37055574166413,-1.025964175258865
0.0004741600995993315,-1.412244771418452,-0.9193800194426014
0.0004772850995993315,-1.399662026603157,-0.7774646050770643
0.0004804100995993315,-1.33329105504501,-0.6056716619487214
0.0004835350995993314,-1.215682455959722,-0.4106030965189579
0.0004866600995993314,-1.051355861854478,-0.1997552843611481
0.0004897850995993315,-0.846626251585326,0.0187690113486263
0.0004929100995993314,-0.6093612692612225,0.2365720244763557
0.0004960350995993314,-0.3486788750931423,0.4452837073731238
0.0004991600995993314,-0.0745969472966132,0.6368833871122563
0.0005022850995993314,0.2023516993500845,0.8040079954519186
0.0005054100995993314,0.4715240836709034,0.9402350274183235
0.0005085350995993313,0.7225760618899975,1.040329354570123
0.0005116600995993313,0.945859847275983,1.100444408048537
0.0005147850995993313,1.13279476917546,1.118270000061391
0.0005179100995993313,1.276197023374158,1.093121103104433
0.0005210350995993313,1.370555741664125,1.025964175184122
0.0005241600995993312,1.412244771418451,0.9193800193784494
0.0005272850995993312,1.39966202660316,0.7774646050220028
0.0005304100995993312,1.333291055045018,0.6056716619014628
0.0005335350995993312,1.215682455959735,0.4106030964783975
0.0005366600995993312,1.051355861854494,0.1997552843263365
0.0005397850995993312,0.8466262515853462,-0.01876901137850362
0.0005429100995993311,0.6093612692612453,-0.2365720245019985
0.0005460350995993311,0.3486788750931716,-0.4452837073951286
0.0005491600995993311,0.07459694729663344,-0.6368833871311528
0.0005522850995993311,-0.2023516993500644,-0.8040079954681386
0.0005554100995993311,-0.4715240836708797,-0.9402350274322427
0.000558535099599331,-0.722576061889967,-1.040329354582065
0.000561660099599331,-0.9458598472759568,-1.100444408058791
0.000564785099599331,-1.132794769175445,-1.118270000070203
0.000567910099599331,-1.276197023374151,-1.093121103112005
0.000571035099599331,-1.370555741664117,-1.025964175190619
0.0005741600995993309,-1.412244771418449,-0.9193800193840326
0.0005772850995993309,-1.399662026603164,-0.7774646050268005
0.0005804100995993309,-1.333291055045027,-0.6056716619055855
0.0005835350995993309,-1.215682455959748,-0.4106030964819404
0.0005866600995993309,-1.051355861854511,-0.1997552843293813
0.0005897850995993308,-0.8466262515853664,0.01876901137588738
0.0005929100995993308,-0.6093612692612681,0.2365720244997502
0.0005960350995993308,-0.3486788750931962,0.4452837073931968
0.0005991600995993308,-0.0745969472966587,0.6368833871294938
0.0006022850995993308,0.2023516993500294,0.8040079954667054
0.0006054100995993308,0.4715240836708463,0.9402350274310143
0.0006085350995993307,0.7225760618899454,1.040329354581021
0.0006116600995993307,0.9458598472759453,1.100444408057905
0.0006147850995993307,1.132794769175436,1.118270000069444
0.0006179100995993307,1.276197023374136,1.093121103111348
0.0006210350995993307,1.37055574166411,1.025964175190064
0.0006241600995993306,1.412244771418448,0.9193800193835606
0.0006272850995993306,1.399662026603168,0.7774646050263998
0.0006304100995993306,1.333291055045035,0.6056716619052461
0.0006335350995993306,1.215682455959761,0.4106030964816532
0.0006366600995993306,1.051355861854528,0.1997552843291378
0.0006397850995993305,0.8466262515853868,-0.01876901137609288
0.0006429100995993305,0.609361269261291,-0.2365720244999245
0.0006460350995993305,0.3486788750932304,-0.4452837073933362
0.0006491600995993305,0.07459694729669399,-0.6368833871296126
0.0006522850995993305,-0.2023516993500044,-0.8040079954668169
0.0006554100995993305,-0.4715240836708224,-0.9402350274311109
0.0006585350995993304,-0.7225760618899322,-1.040329354581114
0.0006616600995993304,-0.9458598472759191,-1.100444408057972
0.0006647850995993304,-1.132794769175415,-1.118270000069507
0.0006679100995993304,-1.276197023374125,-1.093121103111411
0.0006710350995993304,-1.370555741664104,-1.025964175190123
0.0006741600995993303,-1.412244771418446,-0.9193800193836149
0.0006772850995993303,-1.399662026603171,-0.7774646050264514
0.0006804100995993303,-1.333291055045044,-0.6056716619052951
0.0006835350995993303,-1.215682455959774,-0.4106030964816996
0.0006866600995993303,-1.051355861854545,-0.1997552843291818
0.0006897850995993302,-0.8466262515854152,0.01876901137604481
0.0006929100995993302,-0.6093612692613228,0.2365720244998802
0.0006960350995993302,-0.3486788750932549,0.445283707393305
0.0006991600995993302,-0.07459694729671924,0.6368833871295851
0.0007022850995993302,0.2023516993499893,0.8040079954668028
0.0007054100995993302,0.4715240836707986,0.9402350274310907
0.0007085350995993301,0.7225760618899019,1.040329354581091
0.0007116600995993301,0.9458598472759003,1.100444408057963
0.0007147850995993301,1.1327947691754,1.118270000069502
0.0007179100995993301,1.27619702337411,1.093121103111408
0.0007210350995993301,1.370555741664098,1.025964175190127
0.00072416009959933,1.412244771418445,0.9193800193836245
0.00072728509959933,1.399662026603175,0.7774646050264635
0.00073041009959933,1.333291055045052,0.6056716619053095
0.00073353509959933,1.215682455959792,0.4106030964817212
0.00073666009959933,1.051355861854569,0.1997552843292055
0.0007397850995993299,0.8466262515854354,-0.01876901137602738
0.0007429100995993299,0.6093612692613457,-0.2365720244998626
0.0007460350995993299,0.3486788750932794,-0.4452837073932882
0.0007491600995993299,0.0745969472967445,-0.6368833871295698
0.0007522850995993299,-0.2023516993499543,-0.8040079954667808
0.0007554100995993298,-0.4715240836707748,-0.9402350274310823
0.0007585350995993298,-0.7225760618898801,-1.040329354581085
0.0007616600995993298,-0.9458598472758815,-1.100444408057961
0.0007647850995993298,-1.132794769175379,-1.118270000069499
0.0007679100995993298,-1.276197023374103,-1.093121103111418
0.0007710350995993298,-1.370555741664091,-1.025964175190136
0.0007741600995993297,-1.412244771418444,-0.9193800193836366
0.0007772850995993297,-1.39966202660318,-0.7774646050264801
0.0007804100995993297,-1.333291055045064,-0.6056716619053304
0.0007835350995993297,-1.215682455959805,-0.4106030964817401
0.0007866600995993297,-1.051355861854586,-0.1997552843292257
0.0007897850995993296,-0.8466262515854557,0.01876901137600695
0.0007929100995993296,-0.6093612692613685,0.2365720244998429
0.0007960350995993296,-0.348678875093304,0.4452837073932696
0.0007991600995993296,-0.07459694729676977,0.6368833871295532
0.0008022850995993296,0.2023516993499193,0.8040079954667576
0.0008054100995993295,0.4715240836707414,0.9402350274310638
0.0008085350995993295,0.7225760618898498,1.040329354581072
0.0008116600995993295,0.9458598472758628,1.100444408057961
0.0008147850995993295,1.132794769175369,1.118270000069507
0.0008179100995993295,1.276197023374092,1.093121103111423
0.0008210350995993295,1.370555741664085,1.025964175190146
0.0008241600995993294,1.412244771418443,0.9193800193836491
0.0008272850995993294,1.399662026603182,0.777464605026494
0.0008304100995993294,1.333291055045073,0.6056716619053482
0.0008335350995993294,1.215682455959818,0.4106030964817591
0.0008366600995993294,1.051355861854603,0.1997552843292454
0.0008397850995993293,0.8466262515854759,-0.01876901137598708
0.0008429100995993293,0.6093612692613913,-0.2365720244998232
0.0008460350995993293,0.3486788750933285,-0.4452837073932512
0.0008491600995993293,0.07459694729679503,-0.6368833871295365
0.0008522850995993293,-0.2023516993499042,-0.8040079954667525
0.0008554100995993292,-0.4715240836707271,-0.9402350274310598
0.0008585350995993292,-0.7225760618898279,-1.040329354581062
0.0008616600995993292,-0.9458598472758364,-1.100444408057948
0.0008647850995993292,-1.132794769175348,-1.118270000069501
0.0008679100995993292,-1.276197023374077,-1.093121103111423
0.0008710350995993291,-1.370555741664077,-1.025964175190152
0.0008741600995993291,-1.412244771418441,-0.9193800193836608
0.0008772850995993291,-1.399662026603187,-0.7774646050265104
0.0008804100995993291,-1.333291055045081,-0.605671661905365
0.0008835350995993291,-1.215682455959825,-0.4106030964817731
0.000886660099599329,-1.051355861854626,-0.1997552843292723
0.000889785099599329,-0.8466262515855042,0.01876901137595988
0.000892910099599329,-0.6093612692614232,0.2365720244997968
0.000896035099599329,-0.3486788750933628,0.4452837073932264
0.000899160099599329,-0.07459694729683032,0.6368833871295145
0.000902285099599329,0.2023516993498792,0.8040079954667433
0.0009054100995993289,0.4715240836707033,0.9402350274310532
0.0009085350995993289,0.7225760618898149,1.040329354581067
0.0009116600995993289,0.9458598472758251,1.100444408057953
0.0009147850995993289,1.132794769175339,1.118270000069507
0.0009179100995993289,1.276197023374062,1.093121103111424
0.0009210350995993288,1.37055574166407,1.02596417519016
0.0009241600995993288,1.41224477141844,0.9193800193836728
0.0009272850995993288,1.399662026603191,0.7774646050265254
0.0009304100995993288,1.333291055045089,0.6056716619053825
0.0009335350995993288,1.215682455959843,0.410603096481797
0.0009366600995993288,1.051355861854637,0.1997552843292854
0.0009397850995993287,0.8466262515855164,-0.01876901137594633
0.0009429100995993287,0.609361269261437,-0.2365720244997835
0.0009460350995993287,0.3486788750933872,-0.445283707393205
0.0009491600995993287,0.07459694729685558,-0.6368833871294954
0.0009522850995993287,-0.2023516993498442,-0.8040079954667176
0.0009554100995993286,-0.4715240836706699,-0.9402350274310327
0.0009585350995993286,-0.7225760618897844,-1.040329354581051
0.0009616600995993286,-0.9458598472757989,-1.100444408057945
0.0009647850995993286,-1.132794769175318,-1.118270000069504
0.0009679100995993286,-1.276197023374055,-1.093121103111435
0.0009710350995993285,-1.370555741664064,-1.02596417519017
0.0009741600995993285,-1.412244771418439,-0.9193800193836861
0.0009772850995993286,-1.399662026603193,-0.7774646050265395
0.0009804100995993287,-1.333291055045091,-0.6056716619053945
0.0009835350995993288,-1.215682455959846,-0.410603096481808
0.0009866600995993289,-1.051355861854627,-0.1997552843292831
0.000989785099599329,-0.8466262515855045,0.01876901137595022
0.000992910099599329,-0.6093612692614054,0.2365720244998052
0.0009960350995993292,-0.3486788750933436,0.4452837073932348
0.0009991600995993292,-0.07459694729679053,0.636883387129541
0.001002285099599329,0.2023516993499087,0.8040079954667565
0.001005410099599329,0.4715240836707408,0.9402350274310719
0.00100853509959933,0.7225760618898491,1.040329354581079
0.00101166009959933,0.9458598472758697,1.100444408057974
0.00101478509959933,1.132794769175375,1.118270000069517
0.00101791009959933,1.276197023374105,1.093121103111439
0.00102103509959933,1.370555741664093,1.025964175190154
0.00102416009959933,1.412244771418445,0.9193800193836511
0.00102728509959933,1.399662026603175,0.7774646050264873
0.00103041009959933,1.333291055045049,0.6056716619053273
0.00103353509959933,1.215682455959777,0.4106030964817252
0.00103666009959933,1.051355861854543,0.1997552843291982
0.00103978509959933,0.846626251585396,-0.01876901137604592
0.00104291009959933,0.6093612692612922,-0.2365720244998918
0.001046035099599331,0.3486788750932318,-0.4452837073933079
0.001049160099599331,0.07459694729666527,-0.6368833871296161
0.001052285099599331,-0.2023516993500229,-0.8040079954668108
0.001055410099599331,-0.4715240836708685,-0.9402350274311311
0.001058535099599331,-0.722576061889957,-1.040329354581112
0.001061660099599331,-0.9458598472759703,-1.100444408057995
0.001064785099599331,-1.13279476917545,-1.118270000069511
0.001067910099599331,-1.276197023374155,-1.09312110311141
0.001071035099599331,-1.370555741664123,-1.025964175190112
0.001074160099599331,-1.412244771418451,-0.9193800193835924
0.001077285099599331,-1.399662026603157,-0.7774646050264146
0.001080410099599332,-1.333291055045007,-0.6056716619052424
0.001083535099599332,-1.215682455959713,-0.4106030964816313
0.001086660099599332,-1.051355861854459,-0.1997552843290999
0.001089785099599332,-0.8466262515852955,0.01876901137614584
0.001092910099599332,-0.609361269261179,0.2365720244999892
0.001096035099599332,-0.3486788750930907,0.4452837073934172
0.001099160099599332,-0.07459694729654001,0.6368833871296956
0.001102285099599332,0.202351699350147,0.8040079954668778
0.001105410099599332,0.4715240836709868,0.9402350274311833
0.001108535099599332,0.7225760618900647,1.040329354581147
0.001111660099599332,0.9458598472760635,1.100444408058012
0.001114785099599333,1.132794769175525,1.118270000069509
0.001117910099599333,1.276197023374209,1.093121103111389
0.001121035099599333,1.370555741664155,1.025964175190072
0.001124160099599333,1.412244771418458,0.9193800193835355
0.001127285099599333,1.399662026603139,0.7774646050263425
0.001130410099599333,1.333291055044965,0.6056716619051585
0.001133535099599333,1.215682455959649,0.410603096481539
0.001136660099599333,1.051355861854375,0.1997552843290021
0.001139785099599333,0.846626251585195,-0.01876901137624498
0.001142910099599333,0.6093612692610658,-0.2365720245000862
0.001146035099599333,0.3486788750929691,-0.4452837073935084
0.001149160099599334,0.07459694729641475,-0.636883387129777
0.001152285099599334,-0.2023516993502712,-0.8040079954669468
0.001155410099599334,-0.471524083671105,-0.9402350274312369
0.001158535099599334,-0.7225760618901725,-1.040329354581183
0.001161660099599334,-0.9458598472761568,-1.100444408058029
0.001164785099599334,-1.1327947691756,-1.118270000069507
0.001167910099599334,-1.276197023374271,-1.093121103111375
0.001171035099599334,-1.370555741664185,-1.025964175190031
0.001174160099599334,-1.412244771418465,-0.9193800193834778
0.001177285099599334,-1.399662026603121,-0.7774646050262702
0.001180410099599334,-1.333291055044924,-0.6056716619050742
0.001183535099599335,-1.215682455959584,-0.4106030964814454
0.001186660099599335,-1.051355861854291,-0.1997552843289031
0.001189785099599335,-0.8466262515850945,0.01876901137634568
0.001192910099599335,-0.6093612692609527,0.2365720245001843
0.001196035099599335,-0.3486788750928476,0.4452837073936004
0.001199160099599335,-0.07459694729628949,0.6368833871298595
0.001202285099599335,0.2023516993503953,0.8040079954670165
0.001205410099599335,0.4715240836712233,0.9402350274312916
0.001208535099599335,0.7225760618902805,1.04032935458122
0.001211660099599335,0.94585984727625,1.100444408058048
0.001214785099599335,1.132794769175675,1.118270000069506
0.001217910099599336,1.276197023374326,1.093121103111355
0.001221035099599336,1.370555741664216,1.025964175189992
0.001224160099599336,1.412244771418471,0.9193800193834221
0.001227285099599336,1.399662026603103,0.7774646050261992
0.001230410099599336,1.333291055044882,0.6056716619049912
0.001233535099599336,1.215682455959521,0.4106030964813536
0.001236660099599336,1.051355861854207,0.1997552843288058
0.001239785099599336,0.846626251584994,-0.01876901137644427
0.001242910099599336,0.6093612692608394,-0.2365720245002807
0.001246035099599336,0.348678875092726,-0.4452837073936909
0.001249160099599336,0.07459694729616423,-0.6368833871299406
0.001252285099599336,-0.2023516993505393,-0.8040079954671034
0.001255410099599337,-0.4715240836713416,-0.9402350274313419
0.001258535099599337,-0.7225760618903883,-1.040329354581254
0.001261660099599337,-0.9458598472763434,-1.100444408058063
0.001264785099599337,-1.13279476917575,-1.118270000069502
0.001267910099599337,-1.27619702337438,-1.093121103111332
0.001271035099599337,-1.370555741664247,-1.025964175189951
0.001274160099599337,-1.412244771418478,-0.919380019383364
0.001277285099599337,-1.399662026603085,-0.7774646050261268
0.001280410099599337,-1.33329105504484,-0.6056716619049071
0.001283535099599337,-1.215682455959456,-0.4106030964812608
0.001286660099599337,-1.051355861854123,-0.1997552843287079
0.001289785099599338,-0.8466262515848936,0.01876901137654396
0.001292910099599338,-0.6093612692607262,0.2365720245003783
0.001296035099599338,-0.3486788750926045,0.4452837073937823
0.001299160099599338,-0.07459694729603898,0.6368833871300223
0.001302285099599338,0.2023516993506635,0.8040079954671725
0.001305410099599338,0.4715240836714598,0.940235027431396
0.001308535099599338,0.7225760618904961,1.04032935458129
0.001311660099599338,0.9458598472764367,1.100444408058081
0.001314785099599338,1.132794769175826,1.118270000069501
0.001317910099599338,1.276197023374434,1.093121103111311
0.001321035099599338,1.370555741664278,1.025964175189912
0.001324160099599339,1.412244771418486,0.9193800193833088
0.001327285099599339,1.399662026603067,0.7774646050260554
0.001330410099599339,1.333291055044798,0.6056716619048236
0.001333535099599339,1.215682455959392,0.4106030964811686
0.001336660099599339,1.051355861854039,0.1997552843286099
0.001339785099599339,0.8466262515847931,-0.01876901137664333
0.001342910099599339,0.6093612692606131,-0.2365720245004751
0.001346035099599339,0.3486788750924829,-0.4452837073938734
0.001349160099599339,0.07459694729591371,-0.636883387130104
0.001352285099599339,-0.2023516993507876,-0.8040079954672417
0.001355410099599339,-0.4715240836715781,-0.9402350274314498
0.00135853509959934,-0.7225760618906039,-1.040329354581327
0.00136166009959934,-0.9458598472765299,-1.100444408058099
0.00136478509959934,-1.132794769175913,-1.11827000006951
0.00136791009959934,-1.276197023374488,-1.093121103111289
0.00137103509959934,-1.370555741664314,-1.025964175189875
0.00137416009959934,-1.412244771418492,-0.9193800193832506
0.00137728509959934,-1.399662026603047,-0.7774646050259799
0.00138041009959934,-1.333291055044757,-0.6056716619047394
0.00138353509959934,-1.215682455959318,-0.4106030964810663
0.00138666009959934,-1.051355861853955,-0.1997552843285133
0.00138978509959934,-0.8466262515846765,0.01876901137675657
0.001392910099599341,-0.6093612692604998,0.2365720245005692
0.001396035099599341,-0.3486788750923419,0.4452837073939797
0.001399160099599341,-0.07459694729578845,0.6368833871301802
0.001402285099599341,0.2023516993509118,0.8040079954673058
0.001405410099599341,0.4715240836716963,0.9402350274314993
0.001408535099599341,0.722576061890729,1.040329354581376
0.001411660099599341,0.9458598472766232,1.100444408058111
0.001414785099599341,1.132794769175988,1.118270000069504
0.001417910099599341,1.276197023374542,1.093121103111264
0.001421035099599341,1.370555741664345,1.025964175189833
0.001424160099599341,1.412244771418499,0.9193800193831915
0.001427285099599342,1.399662026603028,0.7774646050259064
0.001430410099599342,1.333291055044715,0.6056716619046538
0.001433535099599342,1.215682455959254,0.4106030964809717
0.001436660099599342,1.051355861853872,0.1997552843284139
0.001439785099599342,0.846626251584576,-0.01876901137685727
0.001442910099599342,0.6093612692603867,-0.2365720245006676
0.001446035099599342,0.3486788750922203,-0.4452837073940722
0.001449160099599342,0.0745969472956632,-0.6368833871302634
0.001452285099599342,-0.2023516993510359,-0.8040079954673762
0.001455410099599342,-0.4715240836718146,-0.9402350274315543
0.001458535099599342,-0.7225760618908369,-1.040329354581413
0.001461660099599342,-0.9458598472767165,-1.10044440805813
0.001464785099599343,-1.132794769176063,-1.118270000069503
0.001467910099599343,-1.276197023374596,-1.093121103111244
0.001471035099599343,-1.370555741664376,-1.025964175189794
0.001474160099599343,-1.412244771418506,-0.9193800193831354
0.001477285099599343,-1.399662026603011,-0.7774646050258353
0.001480410099599343,-1.333291055044673,-0.6056716619045702
0.001483535099599343,-1.21568245595919,-0.4106030964808794
0.001486660099599343,-1.051355861853788,-0.1997552843283165
0.001489785099599343,-0.8466262515844756,0.0187690113769563
0.001492910099599343,-0.6093612692602735,0.2365720245007644
0.001496035099599343,-0.3486788750920987,0.4452837073941632
0.001499160099599344,-0.07459694729553792,0.6368833871303449
0.001502285099599344,0.2023516993511601,0.8040079954674454
0.001505410099599344,0.4715240836719328,0.9402350274316078
0.001508535099599344,0.7225760618909446,1.04032935458145
0.001511660099599344,0.9458598472768097,1.100444408058147
0.001514785099599344,1.132794769176138,1.118270000069501
0.001517910099599344,1.27619702337465,1.093121103111222
0.001521035099599344,1.370555741664407,1.025964175189754
0.001524160099599344,1.412244771418512,0.9193800193830788
0.001527285099599344,1.399662026602993,0.7774646050257641
0.001530410099599344,1.333291055044624,0.605671661904481
0.001533535099599345,1.215682455959125,0.4106030964807885
0.001536660099599345,1.051355861853704,0.19975528432822
0.001539785099599345,0.8466262515843751,-0.01876901137705511
0.001542910099599345,0.6093612692601603,-0.2365720245008609
0.001546035099599345,0.3486788750919771,-0.4452837073942535
0.001549160099599345,0.07459694729541268,-0.636883387130426
0.001552285099599345,-0.2023516993512842,-0.8040079954675139
0.001555410099599345,-0.4715240836720511,-0.9402350274316618
0.001558535099599345,-0.7225760618910524,-1.040329354581486
0.001561660099599345,-0.945859847276903,-1.100444408058165
0.001564785099599345,-1.132794769176213,-1.1182700000695
0.001567910099599346,-1.276197023374704,-1.093121103111202
0.001571035099599346,-1.370555741664438,-1.025964175189714
0.001574160099599346,-1.412244771418519,-0.9193800193830222
0.001577285099599346,-1.399662026602975,-0.7774646050256928
0.001580410099599346,-1.333291055044582,-0.6056716619043977
0.001583535099599346,-1.215682455959062,-0.4106030964806963
0.001586660099599346,-1.05135586185362,-0.1997552843281223
0.001589785099599346,-0.8466262515842746,0.01876901137715425
0.001592910099599346,-0.6093612692600471,0.236572024500958
0.001596035099599346,-0.3486788750918556,0.4452837073943448
0.001599160099599346,-0.07459694729528742,0.6368833871305078
0.001602285099599347,0.2023516993514282,0.8040079954676016
0.001605410099599347,0.4715240836721694,0.9402350274317128
0.001608535099599347,0.7225760618911603,1.04032935458152
0.001611660099599347,0.9458598472770111,1.100444408058195
0.001614785099599347,1.132794769176288,1.118270000069494
0.001617910099599347,1.276197023374758,1.093121103111177
0.001621035099599347,1.370555741664464,1.025964175189668
0.001624160099599347,1.412244771418525,0.919380019382964
0.001627285099599347,1.399662026602957,0.7774646050256198
0.001630410099599347,1.333291055044541,0.605671661904313
0.001633535099599347,1.215682455959008,0.410603096480612
0.001636660099599348,1.051355861853523,0.1997552843280097
0.001639785099599348,0.8466262515841741,-0.01876901137725384
0.001642910099599348,0.609361269259934,-0.2365720245010554
0.001646035099599348,0.3486788750917535,-0.4452837073944179
0.001649160099599348,0.07459694729514209,-0.6368833871306107
0.001652285099599348,-0.2023516993515524,-0.8040079954676702
0.001655410099599348,-0.4715240836722877,-0.9402350274317663
0.001658535099599348,-0.7225760618912682,-1.040329354581557
0.001661660099599348,-0.9458598472771044,-1.100444408058212
0.001664785099599348,-1.132794769176363,-1.118270000069493
0.001667910099599348,-1.276197023374812,-1.093121103111156
0.001671035099599348,-1.370555741664494,-1.025964175189628
0.001674160099599349,-1.412244771418533,-0.9193800193829083
0.001677285099599349,-1.399662026602939,-0.7774646050255485
0.001680410099599349,-1.333291055044499,-0.6056716619042294
0.001683535099599349,-1.215682455958944,-0.4106030964805202
0.001686660099599349,-1.051355861853439,-0.1997552843279126
0.001689785099599349,-0.8466262515840737,0.0187690113773521
0.001692910099599349,-0.6093612692598207,0.2365720245011512
0.001696035099599349,-0.348678875091632,0.4452837073945081
0.001699160099599349,-0.07459694729501683,0.6368833871306916
0.001702285099599349,0.2023516993516765,0.8040079954677386
0.001705410099599349,0.4715240836724059,0.9402350274318196
0.00170853509959935,0.7225760618913759,1.040329354581593
0.00171166009959935,0.9458598472771976,1.10044440805823
0.00171478509959935,1.132794769176438,1.118270000069491
0.00171791009959935,1.276197023374866,1.093121103111135
0.00172103509959935,1.370555741664526,1.025964175189588
0.00172416009959935,1.41224477141854,0.9193800193828521
0.00172728509959935,1.399662026602921,0.7774646050254768
0.00173041009959935,1.333291055044457,0.6056716619041459
0.00173353509959935,1.215682455958879,0.4106030964804276
0.00173666009959935,1.051355861853355,0.1997552843278143
0.00173978509959935,0.8466262515839732,-0.01876901137745202
0.001742910099599351,0.6093612692597075,-0.2365720245012488
0.001746035099599351,0.3486788750915104,-0.4452837073945994
0.001749160099599351,0.07459694729489157,-0.6368833871307734
0.001752285099599351,-0.2023516993518007,-0.8040079954678079
0.001755410099599351,-0.4715240836725241,-0.9402350274318734
0.001758535099599351,-0.7225760618914837,-1.040329354581629
0.001761660099599351,-0.9458598472772908,-1.100444408058247
0.001764785099599351,-1.132794769176513,-1.118270000069489
0.001767910099599351,-1.27619702337492,-1.093121103111114
0.001771035099599351,-1.370555741664566,-1.025964175189558
0.001774160099599351,-1.412244771418546,-0.9193800193827939
0.001777285099599352,-1.399662026602903,-0.7774646050254046
0.001780410099599352,-1.333291055044415,-0.6056716619040616
0.001783535099599352,-1.215682455958795,-0.4106030964803158
0.001786660099599352,-1.051355861853271,-0.1997552843277194
0.001789785099599352,-0.8466262515838727,0.01876901137754927
0.001792910099599352,-0.6093612692595943,0.2365720245013443
0.001796035099599352,-0.3486788750913499,0.4452837073947255
0.001799160099599352,-0.0745969472947663,0.6368833871308488
0.001802285099599352,0.2023516993519248,0.8040079954678714
0.001805410099599352,0.4715240836726424,0.9402350274319226
0.001808535099599352,0.7225760618916088,1.040329354581678
0.001811660099599353,0.945859847277384,1.100444408058259
0.001814785099599353,1.132794769176589,1.118270000069483
0.001817910099599353,1.276197023374974,1.093121103111089
0.001821035099599353,1.370555741664597,1.025964175189515
0.001824160099599353,1.412244771418553,0.9193800193827342
0.001827285099599353,1.399662026602885,0.7774646050253307
0.001830410099599353,1.333291055044374,0.605671661903976
0.001833535099599353,1.215682455958731,0.4106030964802211
0.001836660099599353,1.051355861853187,0.1997552843276196
0.001839785099599353,0.8466262515837724,-0.01876901137764986
0.001842910099599353,0.6093612692594811,-0.2365720245014428
0.001846035099599353,0.3486788750912284,-0.4452837073948179
0.001849160099599354,0.07459694729464104,-0.6368833871309316
0.001852285099599354,-0.2023516993520489,-0.8040079954679415
0.001855410099599354,-0.4715240836727607,-0.9402350274319775
0.001858535099599354,-0.7225760618917167,-1.040329354581715
0.001861660099599354,-0.9458598472774773,-1.100444408058278
0.001864785099599354,-1.132794769176664,-1.118270000069482
0.001867910099599354,-1.276197023375028,-1.093121103111069
0.001871035099599354,-1.370555741664628,-1.025964175189476
0.001874160099599354,-1.41224477141856,-0.9193800193826782
0.001877285099599354,-1.399662026602867,-0.7774646050252595
0.001880410099599354,-1.333291055044332,-0.6056716619038923
0.001883535099599355,-1.215682455958667,-0.4106030964801284
0.001886660099599355,-1.051355861853103,-0.1997552843275217
0.001889785099599355,-0.8466262515836719,0.01876901137774944
0.001892910099599355,-0.6093612692593499,0.2365720245015568
0.001896035099599355,-0.3486788750911068,0.4452837073949069
0.001899160099599355,-0.07459694729451578,0.6368833871310114
0.001902285099599355,0.2023516993521731,0.8040079954680089
0.001905410099599355,0.4715240836728788,0.9402350274320295
0.001908535099599355,0.7225760618918244,1.04032935458175
0.001911660099599355,0.9458598472775706,1.100444408058295
0.001914785099599355,1.132794769176739,1.118270000069479
0.001917910099599356,1.276197023375082,1.093121103111047
0.001921035099599356,1.370555741664659,1.025964175189436
0.001924160099599356,1.412244771418566,0.9193800193826216
0.001927285099599356,1.399662026602849,0.7774646050251879
0.001930410099599356,1.33329105504429,0.6056716619038094
0.001933535099599356,1.215682455958603,0.4106030964800369
0.001936660099599356,1.051355861853019,0.1997552843274247
0.001939785099599356,0.8466262515835714,-0.01876901137784792
0.001942910099599356,0.6093612692592366,-0.236572024501653
0.001946035099599356,0.3486788750909852,-0.445283707394997
0.001949160099599356,0.07459694729439052,-0.6368833871310923
0.001952285099599357,-0.2023516993522973,-0.8040079954680771
0.001955410099599356,-0.4715240836729972,-0.9402350274320828
0.001958535099599357,-0.722576061891915,-1.04032935458177
0.001961660099599357,-0.945859847277634,-1.100444408058286
0.001964785099599357,-1.132794769176826,-1.118270000069494
0.001967910099599357,-1.276197023375136,-1.093121103111029
0.001971035099599357,-1.370555741664685,-1.025964175189395
0.001974160099599357,-1.412244771418571,-0.9193800193825659
0.001977285099599357,-1.399662026602831,-0.7774646050251194
0.001980410099599357,-1.333291055044248,-0.605671661903728
0.001983535099599357,-1.215682455958559,-0.4106030964799653
0.001986660099599357,-1.051355861852949,-0.1997552843273382
0.001989785099599357,-0.8466262515834709,0.01876901137795017
0.001992910099599357,-0.6093612692591234,0.2365720245017527
0.001996035099599358,-0.3486788750909026,0.4452837073950541
0.001999160099599358,-0.07459694729428534,0.6368833871311621
0.002002285099599358,0.2023516993524214,0.8040079954681547
0.002005410099599358,0.4715240836731154,0.9402350274321439
0.002008535099599358,0.722576061892023,1.040329354581813
0.002011660099599358,0.9458598472777272,1.10044440805831
0.002014785099599358,1.132794769176901,1.118270000069497
0.002017910099599358,1.27619702337519,1.093121103111012
0.002021035099599358,1.370555741664716,1.025964175189358
0.002024160099599358,1.412244771418577,0.9193800193825123
0.002027285099599358,1.399662026602813,0.7774646050250508
0.002030410099599359,1.333291055044206,0.6056716619036466
0.002033535099599359,1.215682455958495,0.410603096479875
0.002036660099599359,1.051355861852865,0.1997552843272421
0.002039785099599359,0.8466262515833705,-0.01876901137804832
0.002042910099599359,0.6093612692590283,-0.2365720245018319
0.002046035099599359,0.3486788750907616,-0.445283707395165
0.002049160099599359,0.07459694729416008,-0.6368833871312424
0.002052285099599359,-0.2023516993525455,-0.8040079954682229
0.002055410099599359,-0.4715240836732337,-0.9402350274321971
0.002058535099599359,-0.7225760618921135,-1.040329354581833
0.002061660099599359,-0.9458598472778355,-1.100444408058343
0.00206478509959936,-1.132794769176976,-1.118270000069495
0.00206791009959936,-1.276197023375244,-1.093121103110991
0.00207103509959936,-1.370555741664742,-1.025964175189314
0.00207416009959936,-1.412244771418585,-0.9193800193824571
0.00207728509959936,-1.399662026602792,-0.7774646050249766
0.00208041009959936,-1.333291055044164,-0.6056716619035638
0.00208353509959936,-1.215682455958431,-0.410603096479783
0.00208666009959936,-1.051355861852794,-0.1997552843271575
0.00208978509959936,-0.8466262515832538,0.01876901137816378
0.00209291009959936,-0.609361269258897,0.2365720245019445
0.00209603509959936,-0.3486788750906595,0.4452837073952344
0.002099160099599361,-0.07459694729405489,0.6368833871313052
0.002102285099599361,0.2023516993526498,0.804007995468276
0.002105410099599361,0.4715240836733708,0.940235027432273
0.002108535099599361,0.7225760618922384,1.040329354581887
0.002111660099599361,0.9458598472779137,1.100444408058346
0.002114785099599361,1.132794769177039,1.118270000069483
0.002117910099599361,1.276197023375307,1.09312110311098
0.002121035099599361,1.370555741664778,1.025964175189281
0.002124160099599361,1.41224477141859,0.9193800193823998
0.002127285099599361,1.399662026602777,0.7774646050249087
0.002130410099599361,1.333291055044129,0.6056716619034868
0.002133535099599362,1.215682455958357,0.4106030964796806
0.002136660099599362,1.051355861852697,0.1997552843270479
0.002139785099599362,0.8466262515831694,-0.01876901137824549
0.002142910099599362,0.609361269258802,-0.2365720245020247
0.002146035099599362,0.3486788750905184,-0.4452837073953461
0.002149160099599362,0.07459694729390956,-0.636883387131405
0.002152285099599362,-0.2023516993527938,-0.8040079954683603
0.002155410099599362,-0.4715240836734702,-0.9402350274323039
0.002158535099599362,-0.722576061892329,-1.040329354581905
0.002161660099599362,-0.945859847278022,-1.100444408058378
0.002164785099599362,-1.132794769177126,-1.118270000069491
0.002167910099599363,-1.276197023375352,-1.093121103110949
0.002171035099599363,-1.370555741664804,-1.025964175189235
0.002174160099599363,-1.412244771418598,-0.9193800193823439
0.002177285099599363,-1.399662026602756,-0.7774646050248339
0.002180410099599363,-1.333291055044081,-0.6056716619033967
0.002183535099599363,-1.215682455958303,-0.4106030964795983
0.002186660099599363,-1.0513558618526,-0.1997552843269372
0.002189785099599363,-0.8466262515830529,0.0187690113783584
0.002192910099599363,-0.6093612692586706,0.2365720245021351
0.002196035099599363,-0.3486788750904163,0.4452837073954132
0.002199160099599363,-0.07459694729380437,0.6368833871314653
0.002202285099599363,0.2023516993528981,0.804007995468411
0.002205410099599364,0.4715240836736074,0.9402350274323781
0.002208535099599364,0.7225760618924543,1.040329354581957
0.002211660099599364,0.9458598472781001,1.10044440805838
0.002214785099599364,1.132794769177189,1.118270000069478
0.002217910099599364,1.276197023375415,1.093121103110937
0.002221035099599364,1.37055574166484,1.0259641751892
0.002224160099599364,1.412244771418604,0.9193800193822861
0.002227285099599364,1.399662026602741,0.7774646050247649
0.002230410099599364,1.333291055044045,0.6056716619033193
0.002233535099599364,1.215682455958228,0.4106030964794952
0.002236660099599364,1.051355861852529,0.1997552843268525
0.002239785099599365,0.8466262515829684,-0.01876901137844411
0.002242910099599365,0.6093612692585756,-0.236572024502219
0.002246035099599365,0.3486788750902753,-0.4452837073955284
0.002249160099599365,0.07459694729365904,-0.6368833871315682
0.002252285099599365,-0.2023516993530421,-0.8040079954684981
0.002255410099599365,-0.4715240836737067,-0.9402350274324112
0.002258535099599365,-0.7225760618925794,-1.04032935458201
0.002261660099599365,-0.9458598472782084,-1.100444408058409
0.002264785099599365,-1.132794769177276,-1.118270000069484
0.002267910099599365,-1.27619702337546,-1.093121103110903
0.002271035099599365,-1.370555741664866,-1.025964175189153
0.002274160099599366,-1.412244771418611,-0.9193800193822284
0.002277285099599366,-1.399662026602721,-0.7774646050246895
0.002280410099599366,-1.333291055043997,-0.6056716619032285
0.002283535099599366,-1.215682455958174,-0.4106030964794126
0.002286660099599366,-1.051355861852432,-0.1997552843267411
0.002289785099599366,-0.846626251582852,0.0187690113785578
0.002292910099599366,-0.6093612692584442,0.2365720245023301
0.002296035099599366,-0.3486788750901733,0.4452837073955963
0.002299160099599366,-0.07459694729355386,0.6368833871316298
0.002302285099599366,0.2023516993531464,0.8040079954685505
0.002305410099599366,0.4715240836738439,0.9402350274324869
0.002308535099599367,0.7225760618926698,1.040329354582031
0.002311660099599367,0.9458598472782866,1.100444408058416
0.002314785099599367,1.132794769177339,1.118270000069476
0.002317910099599367,1.276197023375523,1.093121103110896
0.002321035099599367,1.370555741664902,1.025964175189122
0.002324160099599367,1.412244771418617,0.9193800193821737
0.002327285099599367,1.399662026602706,0.7774646050246231
0.002330410099599367,1.333291055043948,0.6056716619031404
0.002333535099599367,1.2156824559581,0.4106030964793127
0.002336660099599367,1.051355861852362,0.199755284326659
0.002339785099599367,0.8466262515827675,-0.01876901137864129
0.002342910099599368,0.6093612692583492,-0.2365720245024117
0.002346035099599368,0.3486788750900322,-0.445283707395709
0.002349160099599368,0.07459694729336838,-0.6368833871317675
0.002352285099599368,-0.2023516993532904,-0.80400799546863
0.002355410099599368,-0.4715240836739432,-0.9402350274325136
0.002358535099599368,-0.7225760618927949,-1.040329354582078
0.002361660099599368,-0.9458598472784249,-1.100444408058468
0.002364785099599368,-1.132794769177426,-1.118270000069473
0.002367910099599368,-1.276197023375569,-1.093121103110855
0.002371035099599368,-1.370555741664928,-1.025964175189069
0.002374160099599368,-1.412244771418625,-0.9193800193821107
0.002377285099599368,-1.399662026602685,-0.7774646050245422
0.002380410099599369,-1.333291055043913,-0.605671661903058
0.002383535099599369,-1.215682455958046,-0.4106030964792248
0.002386660099599369,-1.051355861852264,-0.1997552843265424
0.002389785099599369,-0.846626251582651,0.01876901137875886
0.002392910099599369,-0.6093612692582179,0.2365720245025263
0.002396035099599369,-0.3486788750899301,0.4452837073957805
0.002399160099599369,-0.07459694729326319,0.6368833871318318
0.002402285099599369,0.2023516993534344,0.8040079954687214
0.002405410099599369,0.4715240836740804,0.9402350274325855
0.002408535099599369,0.7225760618928855,1.040329354582097
0.002411660099599369,0.945859847278503,1.100444408058473
0.00241478509959937,1.13279476917749,1.118270000069463
0.00241791009959937,1.276197023375631,1.093121103110846
0.00242103509959937,1.370555741664963,1.025964175189036
0.00242416009959937,1.412244771418632,0.9193800193820565
0.00242728509959937,1.39966202660267,0.7774646050244748
0.00243041009959937,1.333291055043865,0.6056716619029688
0.00243353509959937,1.215682455957972,0.4106030964791241
0.00243666009959937,1.051355861852167,0.199755284326435
0.00243978509959937,0.8466262515825667,-0.01876901137883913
0.00244291009959937,0.6093612692581228,-0.2365720245026052
0.00244603509959937,0.3486788750897891,-0.445283707395891
0.002449160099599371,0.07459694729311787,-0.6368833871319308
0.002452285099599371,-0.2023516993535387,-0.804007995468768
0.002455410099599371,-0.4715240836741797,-0.9402350274326208
0.002458535099599371,-0.7225760618930107,-1.040329354582151
0.002461660099599371,-0.9458598472786112,-1.100444408058504
0.002464785099599371,-1.132794769177577,-1.11827000006947
0.002467910099599371,-1.276197023375677,-1.093121103110813
0.002471035099599371,-1.370555741664989,-1.02596417518899
0.002474160099599371,-1.41224477141864,-0.9193800193820001
0.002477285099599371,-1.399662026602649,-0.7774646050243996
0.002480410099599371,-1.33329105504383,-0.605671661902891
0.002483535099599372,-1.215682455957918,-0.41060309647904
0.002486660099599372,-1.051355861852096,-0.1997552843263473
0.002489785099599372,-0.84662625158245,0.01876901137895748
0.002492910099599372,-0.6093612692579915,0.2365720245027204
0.002496035099599372,-0.348678875089687,0.4452837073959623
0.002499160099599372,-0.07459694729301267,0.6368833871319949
0.002502285099599372,0.2023516993536827,0.8040079954688593
0.002505410099599372,0.4715240836743169,0.9402350274326932
0.002508535099599372,0.7225760618931011,1.04032935458217
0.002511660099599372,0.9458598472786895,1.100444408058508
0.002514785099599372,1.13279476917764,1.11827000006946
0.002517910099599373,1.276197023375739,1.093121103110804
0.002521035099599373,1.370555741665025,1.025964175188957
0.002524160099599373,1.412244771418645,0.9193800193819438
0.002527285099599373,1.399662026602634,0.777464605024332
0.002530410099599373,1.333291055043781,0.6056716619028022
0.002533535099599373,1.215682455957844,0.4106030964789397
0.002536660099599373,1.051355861851999,0.1997552843262399
0.002539785099599373,0.8466262515823657,-0.01876901137903741
0.002542910099599373,0.6093612692578964,-0.236572024502799
0.002546035099599373,0.348678875089546,-0.4452837073960725
0.002549160099599373,0.07459694729286734,-0.6368833871320936
0.002552285099599374,-0.202351699353787,-0.8040079954689057
0.002555410099599374,-0.4715240836744162,-0.9402350274327282
0.002558535099599374,-0.7225760618932262,-1.040329354582224
0.002561660099599374,-0.9458598472787977,-1.100444408058539
0.002564785099599374,-1.132794769177727,-1.118270000069467
0.002567910099599374,-1.276197023375785,-1.093121103110771
0.002571035099599374,-1.370555741665061,-1.02596417518892
0.002574160099599374,-1.412244771418653,-0.9193800193818858
0.002577285099599374,-1.399662026602613,-0.7774646050242562
0.002580410099599374,-1.333291055043746,-0.6056716619027235
0.002583535099599374,-1.21568245595779,-0.4106030964788548
0.002586660099599374,-1.051355861851929,-0.199755284326152
0.002589785099599375,-0.846626251582249,0.01876901137915565
0.002592910099599375,-0.609361269257765,0.2365720245029141
0.002596035099599375,-0.3486788750894438,0.4452837073961444
0.002599160099599375,-0.07459694729276216,0.6368833871321581
0.002602285099599375,0.202351699353931,0.8040079954689974
0.002605410099599375,0.4715240836745535,0.9402350274328006
0.002608535099599375,0.7225760618933168,1.040329354582243
0.002611660099599375,0.9458598472788761,1.100444408058544
0.002614785099599375,1.13279476917779,1.118270000069457
0.002617910099599375,1.276197023375848,1.093121103110762
0.002621035099599375,1.370555741665087,1.025964175188878
0.002624160099599376,1.412244771418659,0.9193800193818309
0.002627285099599376,1.399662026602598,0.7774646050241898
0.002630410099599376,1.333291055043697,0.6056716619026353
0.002633535099599376,1.215682455957716,0.4106030964787554
0.002636660099599376,1.051355861851831,0.1997552843260449
0.002639785099599376,0.8466262515821648,-0.01876901137923559
0.002642910099599376,0.6093612692576338,-0.2365720245030265
0.002646035099599376,0.3486788750893028,-0.4452837073962497
0.002649160099599376,0.07459694729261682,-0.6368833871322523
0.002652285099599376,-0.2023516993540353,-0.80400799546904
0.002655410099599376,-0.4715240836746528,-0.9402350274328327
0.002658535099599377,-0.7225760618934419,-1.040329354582294
0.002661660099599377,-0.9458598472789843,-1.100444408058572
0.002664785099599377,-1.132794769177877,-1.118270000069462
0.002667910099599377,-1.276197023375893,-1.093121103110728
0.002671035099599377,-1.370555741665123,-1.02596417518884
0.002674160099599377,-1.412244771418666,-0.9193800193817716
0.002677285099599377,-1.399662026602577,-0.7774646050241124
0.002680410099599377,-1.333291055043662,-0.6056716619025561
0.002683535099599377,-1.215682455957662,-0.4106030964786698
0.002686660099599377,-1.051355861851761,-0.1997552843259561
0.002689785099599377,-0.8466262515820481,0.01876901137935461
0.002692910099599378,-0.6093612692575388,0.2365720245031083
0.002696035099599378,-0.3486788750892008,0.4452837073963267
0.002699160099599378,-0.07459694729251164,0.6368833871323212
0.002702285099599378,0.2023516993541793,0.8040079954691352
0.002705410099599378,0.47152408367479,0.9402350274329077
0.002708535099599378,0.7225760618935324,1.040329354582315
0.002711660099599378,0.9458598472790626,1.100444408058579
0.002714785099599378,1.132794769177964,1.118270000069475
0.002717910099599378,1.276197023375956,1.093121103110717
0.002721035099599378,1.370555741665149,1.025964175188796
0.002724160099599378,1.412244771418672,0.9193800193817154
0.002727285099599379,1.399662026602562,0.7774646050240451
0.002730410099599379,1.333291055043614,0.605671661902467
0.002733535099599379,1.215682455957587,0.4106030964785694
0.002736660099599379,1.051355861851663,0.1997552843258482
0.002739785099599379,0.8466262515819638,-0.0187690113794351
0.002742910099599379,0.6093612692574074,-0.2365720245032213
0.002746035099599379,0.3486788750890208,-0.4452837073964689
0.002749160099599379,0.07459694729236631,-0.6368833871324111
0.002752285099599379,-0.2023516993542835,-0.8040079954691741
0.002755410099599379,-0.4715240836748893,-0.9402350274329367
0.002758535099599379,-0.7225760618936575,-1.040329354582364
0.00276166009959938,-0.9458598472791708,-1.100444408058605
0.00276478509959938,-1.132794769178027,-1.118270000069456
0.00276791009959938,-1.276197023376001,-1.093121103110684
0.00277103509959938,-1.370555741665185,-1.025964175188759
0.00277416009959938,-1.41224477141868,-0.9193800193816573
0.00277728509959938,-1.399662026602541,-0.7774646050239687
0.00278041009959938,-1.333291055043579,-0.6056716619023881
0.00278353509959938,-1.215682455957513,-0.4106030964784649
0.00278666009959938,-1.051355861851566,-0.1997552843257374
0.00278978509959938,-0.8466262515818472,0.01876901137954812
0.00279291009959938,-0.6093612692573124,0.2365720245032984
0.00279603509959938,-0.3486788750889186,0.4452837073965417
0.002799160099599381,-0.07459694729226111,0.6368833871324764
0.002802285099599381,0.2023516993544276,0.8040079954692662
0.002805410099599381,0.4715240836750265,0.9402350274330095
0.002808535099599381,0.7225760618937827,1.040329354582415
0.002811660099599381,0.9458598472792491,1.100444408058606
0.002814785099599381,1.132794769178114,1.118270000069465
0.002817910099599381,1.276197023376064,1.093121103110668
0.002821035099599381,1.370555741665221,1.025964175188721
0.002824160099599381,1.412244771418685,0.9193800193815964
0.002827285099599381,1.399662026602526,0.7774646050238974
0.002830410099599381,1.33329105504353,0.6056716619022956
0.002833535099599382,1.215682455957439,0.4106030964783612
0.002836660099599382,1.051355861851496,0.199755284325652
0.002839785099599382,0.8466262515817627,-0.01876901137963449
0.002842910099599382,0.609361269257181,-0.2365720245034159
0.002846035099599382,0.3486788750887777,-0.4452837073966512
0.002849160099599382,0.07459694729211579,-0.6368833871325743
0.002852285099599382,-0.2023516993545318,-0.804007995469312
0.002855410099599382,-0.4715240836751258,-0.9402350274330442
0.002858535099599382,-0.7225760618939078,-1.040329354582469
0.002861660099599382,-0.9458598472793573,-1.100444408058636
0.002864785099599382,-1.132794769178177,-1.118270000069449
0.002867910099599383,-1.276197023376109,-1.093121103110638
0.002871035099599383,-1.370555741665247,-1.025964175188677
0.002874160099599383,-1.412244771418693,-0.9193800193815419
0.002877285099599383,-1.399662026602505,-0.7774646050238238
0.002880410099599383,-1.333291055043495,-0.6056716619022192
0.002883535099599383,-1.215682455957385,-0.4106030964782788
0.002886660099599383,-1.051355861851398,-0.1997552843255407
0.002889785099599383,-0.8466262515816463,0.01876901137974807
0.002892910099599383,-0.6093612692570859,0.2365720245034936
0.002896035099599383,-0.3486788750886756,0.4452837073967247
0.002899160099599383,-0.07459694729201059,0.6368833871326406
0.002902285099599384,0.2023516993546759,0.804007995469405
0.002905410099599384,0.471524083675263,0.9402350274331178
0.002908535099599384,0.7225760618939983,1.040329354582489
0.002911660099599384,0.9458598472794356,1.100444408058642
0.002914785099599384,1.132794769178264,1.118270000069462
0.002917910099599384,1.276197023376172,1.093121103110627
0.002921035099599384,1.370555741665282,1.025964175188642
0.002924160099599384,1.412244771418699,0.9193800193814838
0.002927285099599384,1.39966202660249,0.7774646050237549
0.002930410099599384,1.333291055043446,0.605671661902129
0.002933535099599384,1.215682455957311,0.4106030964781773
0.002936660099599385,1.051355861851328,0.1997552843254575
0.002939785099599385,0.8466262515815618,-0.01876901137983233
0.002942910099599385,0.6093612692569546,-0.2365720245036094
0.002946035099599385,0.3486788750885345,-0.4452837073968328
0.002949160099599385,0.07459694729186526,-0.6368833871327371
0.002952285099599385,-0.2023516993547801,-0.8040079954694497
0.002955410099599385,-0.4715240836753623,-0.9402350274331513
0.002958535099599385,-0.7225760618941234,-1.040329354582542
0.002961660099599385,-0.9458598472795439,-1.100444408058671
0.002964785099599385,-1.132794769178328,-1.118270000069445
0.002967910099599385,-1.276197023376217,-1.093121103110596
0.002971035099599386,-1.370555741665309,-1.025964175188598
0.002974160099599386,-1.412244771418706,-0.9193800193814283
0.002977285099599386,-1.399662026602469,-0.777464605023681
0.002980410099599386,-1.333291055043411,-0.6056716619020528
0.002983535099599386,-1.215682455957257,-0.4106030964780946
0.002986660099599386,-1.05135586185123,-0.1997552843253456
0.002989785099599386,-0.8466262515814453,0.01876901137994602
0.002992910099599386,-0.6093612692568596,0.2365720245036871
0.002996035099599386,-0.3486788750884324,0.4452837073969063
0.002999160099599386,-0.07459694729176009,0.6368833871328031
0.003,-3.048865613793478e-14,0.684413079983509
