time_s,u_i_V,u_2_V
0.0,0.0,0.0
3.125000000000001e-08,0.002776800051376153,-0.001107259833238858
3.388047553855012e-08,0.003010537459546791,-0.001200439023957231
3.914142661565037e-08,0.00347801202278927,-0.001386748295956187
4.966332876985086e-08,0.004412959958100993,-0.001759072469162303
7.070713307825185e-08,0.006282849633809719,-0.002502544307962399
1.127947416950538e-07,0.01002259276384868,-0.003984789741139555
1.969699589286577e-07,0.01750184260599384,-0.006930549624847921
3.653203933958656e-07,0.03245866439549618,-0.0127476367790503
7.020212623302813e-07,0.06235973966776262,-0.02408793837964395
1.375423000199113e-06,0.1220647953067121,-0.04562279421123443
2.722226475936776e-06,0.2407129545614873,-0.08433095018106508
5.415833427412101e-06,0.4720043938869419,-0.1458470701310668
8.540833427412102e-06,0.7230139853123578,-0.193264693615335
1.16658334274121e-05,0.9462385547531339,-0.2182546274715647
1.47908334274121e-05,1.133099707191442,-0.2239107484578904
1.79158334274121e-05,1.27641647333202,-0.212974184188331
2.10408334274121e-05,1.370681270225053,-0.1880241181980262
2.416583342741211e-05,1.41227155459025,-0.1515947792226122
2.729083342741211e-05,1.399589035123556,-0.106235751077183
3.041583342741211e-05,1.333121093935636,-0.05452907113242436
3.354083342741211e-05,1.215422056730693,0.0009260204223094275
3.666583342741211e-05,1.051015031502132,0.05755168849473566
3.979083342741211e-05,0.8462180880289638,0.1128458504268271
4.291583342741211e-05,0.6089014579974139,0.1644456979975127
4.604083342741211e-05,0.348185086410894,0.2101946865465577
4.916583342741211e-05,0.07408815721805058,0.2482080332543525
5.229083342741211e-05,-0.2028559383075659,0.276932468123915
5.541583342741212e-05,-0.4720043938869434,0.2951966721825781
5.854083342741212e-05,-0.7230139853123587,0.3022495383560331
6.166583342741211e-05,-0.946238554753134,0.2977841087691248
6.479083342741211e-05,-1.133099707191442,0.2819457753509222
6.79158334274121e-05,-1.27641647333202,0.2553240686779957
7.10408334274121e-05,-1.370681270225053,0.2189280879608702
7.416583342741209e-05,-1.41227155459025,0.1741463247253113
7.729083342741209e-05,-1.399589035123556,0.1226922842819188
8.041583342741208e-05,-1.333121093935637,0.06653789266024496
8.354083342741207e-05,-1.215422056730695,0.007837173665599073
8.666583342741207e-05,-1.051015031502134,-0.05115692524138285
8.979083342741206e-05,-0.8462180880289675,-0.1081794015662444
9.291583342741206e-05,-0.6089014579974187,-0.1610404515316774
9.604083342741205e-05,-0.3481850864108996,-0.2077097769633623
9.916583342741205e-05,-0.07408815721805577,-0.2463947208558065
0.000102290833427412,0.2028559383075607,-0.2756092401573948
0.000105415833427412,0.4720043938869361,-0.294231073396204
0.000108540833427412,0.7230139853123515,-0.3015449122146125
0.000111665833427412,0.9462385547531289,-0.2972699221253935
0.000114790833427412,1.133099707191438,-0.2815705580703516
0.000117915833427412,1.276416473332016,-0.2550502614732633
0.000121040833427412,1.370681270225051,-0.2187282827033534
0.000124165833427412,1.41227155459025,-0.1740005208887543
0.000127290833427412,1.399589035123557,-0.122585886887665
0.000130415833427412,1.333121093935639,-0.06646025131850258
0.000133540833427412,1.215422056730696,-0.007780516470263715
0.0001366658334274121,1.051015031502136,0.05119826968121162
0.0001397908334274121,0.8462180880289676,0.1082095718331592
0.0001429158334274121,0.6089014579974166,0.1610624676723887
0.0001460408334274121,0.3481850864108986,0.207725842795784
0.0001491658334274121,0.07408815721805344,0.2464064445713471
0.0001522908334274121,-0.2028559383075643,0.2756177953011792
0.0001554158334274121,-0.4720043938869407,0.2942373163389546
0.0001585408334274121,-0.7230139853123579,0.3015494678755503
0.0001616658334274121,-0.9462385547531351,0.2972732465266076
0.0001647908334274121,-1.133099707191443,0.2815729839847612
0.0001679158334274121,-1.276416473332021,0.2550520317351198
0.0001710408334274121,-1.370681270225054,0.2187295745160689
0.0001741658334274121,-1.41227155459025,0.1740014635628872
0.0001772908334274122,-1.399589035123555,0.1225865747850134
0.0001804158334274122,-1.333121093935635,0.06646075329763862
0.0001835408334274122,-1.215422056730691,0.007780882779371204
0.0001866658334274122,-1.051015031502128,-0.05119800237457435
0.0001897908334274122,-0.8462180880289598,-0.1082093767715501
0.0001929158334274122,-0.6089014579974054,-0.1610623253301436
0.0001960408334274122,-0.3481850864108866,-0.2077257389244076
0.0001991658334274122,-0.07408815721804357,-0.246406368773323
0.0002022908334274122,0.2028559383075766,-0.2756177399891001
0.0002054158334274122,0.4720043938869524,-0.2942372759760947
0.0002085408334274122,0.7230139853123665,-0.3015494384215613
0.0002116658334274122,0.9462385547531426,-0.2972732250331651
0.0002147908334274123,1.133099707191452,-0.2815729683003485
0.0002179158334274123,1.276416473332026,-0.2550520202897453
0.0002210408334274123,1.370681270225057,-0.2187295661640294
0.0002241658334274123,1.412271554590251,-0.1740014574681634
0.0002272908334274123,1.399589035123554,-0.1225865703375031
0.0002304158334274123,1.333121093935632,-0.06646075005216495
0.0002335408334274123,1.215422056730685,-0.007780880411043892
0.0002366658334274123,1.05101503150212,0.05119800410280524
0.0002397908334274123,0.8462180880289497,0.1082093780327008
0.0002429158334274123,0.6089014579973965,0.1610623262504345
0.0002460408334274123,0.348185086410877,0.2077257395959788
0.0002491658334274123,0.07408815721803622,0.246406369263381
0.0002522908334274123,-0.2028559383075789,0.2756177403467145
0.0002554158334274123,-0.472004393886957,0.2942372762370508
0.0002585408334274122,-0.7230139853123663,0.301549438611994
0.0002616658334274122,-0.9462385547531404,0.2972732251721219
0.0002647908334274122,-1.133099707191447,0.2815729684017553
0.0002679158334274122,-1.276416473332023,0.2550520203637379
0.0002710408334274122,-1.370681270225053,0.2187295662180311
0.0002741658334274121,-1.41227155459025,0.1740014575075643
0.0002772908334274121,-1.399589035123555,0.1225865703662632
0.0002804158334274121,-1.333121093935637,0.06646075007314728
0.0002835408334274121,-1.215422056730695,0.007780880426362749
0.0002866658334274121,-1.051015031502135,-0.0511980040916324
0.000289790833427412,-0.8462180880289681,-0.1082093780245385
0.000292915833427412,-0.6089014579974238,-0.1610623262444824
0.000296040833427412,-0.3481850864109063,-0.2077257395916285
0.000299165833427412,-0.07408815721805898,-0.2464063692602137
0.000302290833427412,0.2028559383075514,-0.2756177403443979
0.000305415833427412,0.4720043938869283,-0.294237276235363
0.0003085408334274119,0.7230139853123445,-0.3015494386107618
0.0003116658334274119,0.9462385547531218,-0.2972732251712266
0.0003147908334274119,1.133099707191429,-0.2815729684010994
0.0003179158334274119,1.27641647333201,-0.2550520203632643
0.0003210408334274119,1.370681270225049,-0.2187295662176847
0.0003241658334274118,1.412271554590249,-0.1740014575073165
0.0003272908334274118,1.399589035123559,-0.1225865703660811
0.0003304158334274118,1.333121093935646,-0.06646075007301805
0.0003335408334274118,1.215422056730708,-0.007780880426267714
0.0003366658334274118,1.051015031502155,0.05119800409169502
0.0003397908334274117,0.8462180880289922,0.1082093780245882
0.0003429158334274117,0.6089014579974421,0.1610623262445148
0.0003460408334274117,0.3481850864109309,0.2077257395916561
0.0003491658334274117,0.07408815721808924,0.2464063692602264
0.0003522908334274117,-0.2028559383075263,0.2756177403444139
0.0003554158334274116,-0.4720043938869045,0.2942372762353708
0.0003585408334274116,-0.7230139853123184,0.3015494386107704
0.0003616658334274116,-0.9462385547530991,0.2972732251712307
0.0003647908334274116,-1.133099707191417,0.2815729684011096
0.0003679158334274116,-1.276416473331999,0.2550520203632683
0.0003710408334274116,-1.370681270225041,0.2187295662176927
0.0003741658334274115,-1.412271554590247,0.174001457507321
0.0003772908334274115,-1.399589035123563,0.12258657036609
0.0003804158334274115,-1.333121093935656,0.06646075007302249
0.0003835408334274115,-1.215422056730723,0.007780880426277484
0.0003866658334274115,-1.051015031502172,-0.05119800409169324
0.0003897908334274114,-0.8462180880290125,-0.1082093780245798
0.0003929158334274114,-0.6089014579974694,-0.1610623262445117
0.0003960408334274114,-0.3481850864109603,-0.2077257395916485
0.0003991658334274114,-0.07408815721811451,-0.2464063692602264
0.0004022908334274114,0.2028559383074963,-0.2756177403444077
0.0004054158334274113,0.472004393886876,-0.2942372762353711
0.0004085408334274113,0.7230139853122968,-0.3015494386107691
0.0004116658334274113,0.9462385547530842,-0.2972732251712358
0.0004147908334274113,1.133099707191396,-0.2815729684011075
0.0004179158334274113,1.276416473331986,-0.2550520203632732
0.0004210408334274113,1.370681270225035,-0.2187295662176953
0.0004241658334274112,1.412271554590246,-0.1740014575073276
0.0004272908334274112,1.399589035123567,-0.1225865703660936
0.0004304158334274112,1.333121093935664,-0.06646075007303093
0.0004335408334274112,1.215422056730737,-0.007780880426281037
0.0004366658334274112,1.051015031502189,0.05119800409168569
0.0004397908334274111,0.8462180880290328,0.108209378024578
0.0004429158334274111,0.6089014579974967,0.1610623262445037
0.0004460408334274111,0.3481850864109848,0.2077257395916472
0.0004491658334274111,0.07408815721814478,0.2464063692602199
0.0004522908334274111,-0.2028559383074713,0.2756177403444081
0.000455415833427411,-0.4720043938868568,0.2942372762353705
0.000458540833427411,-0.7230139853122707,0.3015494386107688
0.000461665833427411,-0.9462385547530578,0.2972732251712327
0.000464790833427411,-1.133099707191384,0.2815729684011132
0.000467915833427411,-1.276416473331977,0.2550520203632758
0.0004710408334274109,-1.370681270225029,0.2187295662177004
0.0004741658334274109,-1.412271554590244,0.174001457507329
0.0004772908334274109,-1.399589035123571,0.1225865703661002
0.0004804158334274109,-1.333121093935673,0.0664607500730327
0.0004835408334274109,-1.215422056730749,0.007780880426288586
0.0004866658334274109,-1.051015031502206,-0.05119800409168258
0.0004897908334274109,-0.8462180880290532,-0.1082093780245682
0.0004929158334274109,-0.6089014579975106,-0.1610623262445059
0.0004960408334274109,-0.3481850864110093,-0.2077257395916365
0.0004991658334274108,-0.07408815721817005,-0.2464063692602215
0.0005022908334274108,0.2028559383074512,-0.2756177403444023
0.0005054158334274108,0.472004393886833,-0.2942372762353738
0.0005085408334274108,0.7230139853122577,-0.3015494386107662
0.0005116658334274108,0.9462385547530391,-0.2972732251712375
0.0005147908334274107,1.133099707191365,-0.2815729684011076
0.0005179158334274107,1.276416473331969,-0.2550520203632845
0.0005210408334274107,1.370681270225024,-0.2187295662176984
0.0005241658334274107,1.412271554590244,-0.1740014575073396
0.0005272908334274107,1.399589035123574,-0.1225865703660984
0.0005304158334274106,1.333121093935681,-0.06646075007304425
0.0005335408334274106,1.215422056730762,-0.007780880426287698
0.0005366658334274106,1.051015031502223,0.05119800409167104
0.0005397908334274106,0.8462180880290734,0.1082093780245704
0.0005429158334274106,0.6089014579975379,0.161062326244493
0.0005460408334274106,0.348185086411029,0.2077257395916423
0.0005491658334274105,0.07408815721819029,0.2464063692602124
0.0005522908334274105,-0.2028559383074262,0.2756177403444061
0.0005554158334274105,-0.4720043938867997,0.2942372762353612
0.0005585408334274105,-0.7230139853122272,0.3015494386107708
0.0005616658334274105,-0.9462385547530202,0.2972732251712324
0.0005647908334274104,-1.133099707191356,0.2815729684011201
0.0005679158334274104,-1.276416473331958,0.2550520203632801
0.0005710408334274104,-1.370681270225015,0.2187295662177084
0.0005741658334274104,-1.412271554590242,0.1740014575073374
0.0005772908334274104,-1.399589035123578,0.12258657036611
0.0005804158334274103,-1.333121093935689,0.06646075007304336
0.0005835408334274103,-1.215422056730775,0.007780880426300577
0.0005866658334274103,-1.05101503150224,-0.05119800409167326
0.0005897908334274103,-0.8462180880290937,-0.108209378024558
0.0005929158334274103,-0.6089014579975608,-0.1610623262444957
0.0005960408334274102,-0.3481850864110535,-0.2077257395916312
0.0005991658334274102,-0.07408815721822558,-0.2464063692602128
0.0006022908334274102,0.2028559383073912,-0.2756177403443955
0.0006054158334274102,0.4720043938867758,-0.2942372762353681
0.0006085408334274102,0.7230139853122142,-0.3015494386107689
0.0006116658334274102,0.9462385547530089,-0.2972732251712423
0.0006147908334274101,1.133099707191335,-0.281572968401113
0.0006179158334274101,1.276416473331942,-0.2550520203632874
0.0006210408334274101,1.370681270225009,-0.2187295662177069
0.0006241658334274101,1.41227155459024,-0.1740014575073481
0.0006272908334274101,1.399589035123582,-0.1225865703661095
0.00063041583342741,1.333121093935698,-0.06646075007305491
0.00063354083342741,1.215422056730788,-0.007780880426298356
0.00063666583342741,1.051015031502257,0.05119800409165949
0.00063979083342741,0.8462180880291139,0.1082093780245611
0.00064291583342741,0.6089014579975927,0.1610623262444793
0.0006460408334274099,0.3481850864110878,0.2077257395916343
0.0006491658334274099,0.07408815721825084,0.2464063692602026
0.0006522908334274099,-0.2028559383073662,0.2756177403444021
0.0006554158334274099,-0.4720043938867614,0.294237276235363
0.0006585408334274099,-0.7230139853121836,0.3015494386107729
0.0006616658334274099,-0.9462385547529827,0.2972732251712334
0.0006647908334274098,-1.13309970719132,0.2815729684011239
0.0006679158334274098,-1.276416473331932,0.2550520203632836
0.0006710408334274098,-1.370681270225002,0.2187295662177189
0.0006741658334274098,-1.412271554590239,0.1740014575073449
0.0006772908334274098,-1.399589035123586,0.1225865703661224
0.0006804158334274097,-1.333121093935707,0.06646075007305358
0.0006835408334274097,-1.215422056730801,0.007780880426312123
0.0006866658334274097,-1.05101503150228,-0.05119800409165993
0.0006897908334274097,-0.8462180880291422,-0.1082093780245456
0.0006929158334274097,-0.6089014579976155,-0.161062326244485
0.0006960408334274096,-0.3481850864111122,-0.207725739591621
0.0006991658334274096,-0.07408815721826607,-0.2464063692602128
0.0007022908334274096,0.2028559383073411,-0.2756177403443908
0.0007054158334274096,0.4720043938867282,-0.2942372762353673
0.0007085408334274096,0.723013985312162,-0.3015494386107645
0.0007116658334274095,0.9462385547529638,-0.2972732251712439
0.0007147908334274095,1.133099707191305,-0.2815729684011168
0.0007179158334274095,1.276416473331921,-0.2550520203632952
0.0007210408334274095,1.370681270224996,-0.2187295662177149
0.0007241658334274095,1.412271554590238,-0.1740014575073583
0.0007272908334274095,1.399589035123589,-0.1225865703661193
0.0007304158334274094,1.333121093935715,-0.06646075007306557
0.0007335408334274094,1.215422056730819,-0.007780880426311235
0.0007366658334274094,1.051015031502297,0.05119800409164706
0.0007397908334274094,0.8462180880291624,0.1082093780245491
0.0007429158334274094,0.6089014579976383,0.1610623262444717
0.0007460408334274093,0.3481850864111368,0.2077257395916259
0.0007491658334274093,0.07408815721830136,0.2464063692601975
0.0007522908334274093,-0.2028559383073161,0.2756177403443983
0.0007554158334274093,-0.4720043938867043,0.2942372762353582
0.0007585408334274093,-0.7230139853121402,0.3015494386107738
0.0007616658334274092,-0.9462385547529376,0.2972732251712337
0.0007647908334274092,-1.13309970719129,0.2815729684011291
0.0007679158334274092,-1.27641647333191,0.2550520203632901
0.0007710408334274092,-1.37068127022499,0.2187295662177269
0.0007741658334274092,-1.412271554590236,0.1740014575073547
0.0007772908334274092,-1.399589035123594,0.122586570366134
0.0007804158334274091,-1.333121093935727,0.06646075007306423
0.0007835408334274091,-1.215422056730832,0.007780880426324558
0.0007866658334274091,-1.051015031502314,-0.05119800409165016
0.0007897908334274091,-0.8462180880291827,-0.1082093780245354
0.0007929158334274091,-0.6089014579976612,-0.1610623262444762
0.000796040833427409,-0.3481850864111612,-0.2077257395916134
0.000799165833427409,-0.07408815721832662,-0.2464063692602037
0.000802290833427409,0.2028559383072911,-0.2756177403443864
0.000805415833427409,0.4720043938866805,-0.2942372762353663
0.000808540833427409,0.7230139853121186,-0.3015494386107644
0.0008116658334274089,0.9462385547529187,-0.2972732251712438
0.0008147908334274089,1.133099707191268,-0.2815729684011196
0.0008179158334274089,1.276416473331895,-0.2550520203633023
0.0008210408334274089,1.370681270224981,-0.2187295662177211
0.0008241658334274089,1.412271554590235,-0.1740014575073689
0.0008272908334274088,1.399589035123598,-0.1225865703661295
0.0008304158334274088,1.333121093935735,-0.06646075007307933
0.0008335408334274088,1.215422056730845,-0.007780880426321005
0.0008366658334274088,1.051015031502324,0.05119800409163906
0.0008397908334274088,0.846218088029195,0.1082093780245411
0.0008429158334274088,0.608901457997693,0.1610623262444593
0.0008460408334274087,0.3481850864111956,0.2077257395916152
0.0008491658334274087,0.07408815721836191,0.24640636926019
0.0008522908334274087,-0.2028559383072561,0.2756177403443912
0.0008554158334274087,-0.4720043938866566,0.2942372762353587
0.0008585408334274087,-0.7230139853120967,0.301549438610774
0.0008616658334274086,-0.9462385547529075,0.2972732251712399
0.0008647908334274086,-1.133099707191259,0.2815729684011319
0.0008679158334274086,-1.276416473331888,0.2550520203632974
0.0008710408334274086,-1.370681270224972,0.2187295662177313
0.0008741658334274086,-1.412271554590233,0.1740014575073636
0.0008772908334274085,-1.399589035123601,0.1225865703661437
0.0008804158334274085,-1.333121093935744,0.06646075007307578
0.0008835408334274085,-1.215422056730858,0.00778088042633566
0.0008866658334274085,-1.051015031502348,-0.05119800409163995
0.0008897908334274085,-0.8462180880292233,-0.1082093780245251
0.0008929158334274085,-0.6089014579977069,-0.1610623262444673
0.0008960408334274084,-0.3481850864112103,-0.2077257395916054
0.0008991658334274084,-0.07408815721837715,-0.2464063692601982
0.0009022908334274084,0.2028559383072311,-0.2756177403443784
0.0009054158334274084,0.4720043938866232,-0.2942372762353621
0.0009085408334274084,0.7230139853120664,-0.3015494386107621
0.0009116658334274083,0.9462385547528812,-0.2972732251712482
0.0009147908334274083,1.133099707191238,-0.2815729684011242
0.0009179158334274083,1.276416473331873,-0.2550520203633089
0.0009210408334274083,1.370681270224969,-0.2187295662177291
0.0009241658334274083,1.412271554590232,-0.1740014575073782
0.0009272908334274082,1.399589035123604,-0.1225865703661397
0.0009304158334274082,1.333121093935755,-0.06646075007309132
0.0009335408334274082,1.215422056730876,-0.007780880426333439
0.0009366658334274082,1.051015031502372,0.05119800409162263
0.0009397908334274082,0.8462180880292517,0.1082093780245278
0.0009429158334274081,0.6089014579977388,0.1610623262444513
0.0009460408334274081,0.3481850864112349,0.2077257395916134
0.0009491658334274081,0.07408815721840241,0.2464063692601855
0.0009522908334274081,-0.202855938307216,0.2756177403443915
0.0009554158334274081,-0.4720043938866089,0.2942372762353533
0.0009585408334274081,-0.723013985312036,0.3015494386107688
0.000961665833427408,-0.946238554752855,0.2972732251712357
0.000964790833427408,-1.133099707191223,0.2815729684011381
0.000967915833427408,-1.276416473331862,0.2550520203633018
0.000971040833427408,-1.370681270224963,0.2187295662177435
0.000974165833427408,-1.41227155459023,0.1740014575073734
0.000977290833427408,-1.399589035123609,0.1225865703661553
0.0009804158334274081,-1.333121093935754,0.06646075007308244
0.0009835408334274082,-1.215422056730874,0.007780880426344986
0.0009866658334274083,-1.051015031502362,-0.05119800409163595
0.0009897908334274084,-0.8462180880292397,-0.1082093780245189
0.0009929158334274085,-0.6089014579977071,-0.1610623262444704
0.0009960408334274086,-0.3481850864112107,-0.2077257395916059
0.0009991658334274087,-0.07408815721835742,-0.2464063692602077
0.001002290833427409,0.2028559383072605,-0.2756177403443861
0.001005415833427409,0.4720043938866704,-0.2942372762353763
0.001008540833427409,0.7230139853121093,-0.3015494386107685
0.001011665833427409,0.9462385547529258,-0.297273225171256
0.001014790833427409,1.133099707191286,-0.2815729684011284
0.001017915833427409,1.276416473331907,-0.2550520203633107
0.001021040833427409,1.370681270224994,-0.2187295662177237
0.001024165833427409,1.412271554590237,-0.1740014575073703
0.001027290833427409,1.399589035123588,-0.1225865703661229
0.00103041583342741,1.333121093935715,-0.06646075007307578
0.00103354083342741,1.215422056730799,-0.007780880426305018
0.00103666583342741,1.051015031502278,0.05119800409164661
0.00103979083342741,0.846218088029115,0.1082093780245629
0.00104291583342741,0.6089014579975939,0.1610623262444771
0.00104604083342741,0.3481850864110794,0.2077257395916392
0.00104916583342741,0.07408815721823216,0.2464063692602064
0.00105229083342741,-0.2028559383073946,0.2756177403444119
0.00105541583342741,-0.4720043938867886,0.2942372762353661
0.00105854083342741,-0.7230139853122257,0.3015494386107836
0.00106166583342741,-0.9462385547530265,0.2972732251712385
0.001064790833427411,-1.133099707191361,0.2815729684011299
0.001067915833427411,-1.276416473331965,0.2550520203632821
0.001071040833427411,-1.370681270225024,0.2187295662177175
0.001074165833427411,-1.412271554590243,0.1740014575073338
0.001077290833427411,-1.39958903512357,0.1225865703661126
0.001080415833427411,-1.333121093935673,0.06646075007303404
0.001083540833427411,-1.215422056730735,0.007780880426292139
0.001086665833427411,-1.051015031502194,-0.05119800409168747
0.001089790833427411,-0.8462180880290145,-0.1082093780245722
0.001092915833427411,-0.6089014579974806,-0.1610623262445139
0.001096040833427411,-0.3481850864109577,-0.2077257395916436
0.001099165833427412,-0.0740881572181069,-0.2464063692602368
0.001102290833427412,0.2028559383075188,-0.2756177403444081
0.001105415833427412,0.4720043938869068,-0.2942372762353869
0.001108540833427412,0.7230139853123335,-0.3015494386107702
0.001111665833427412,0.9462385547531198,-0.2972732251712485
0.001114790833427412,1.133099707191436,-0.281572968401106
0.001117915833427412,1.27641647333202,-0.2550520203632827
0.001121040833427412,1.370681270225055,-0.2187295662176842
0.001124165833427412,1.412271554590251,-0.1740014575073281
0.001127290833427412,1.399589035123552,-0.1225865703660722
0.001130415833427412,1.333121093935631,-0.06646075007302293
0.001133540833427413,1.215422056730671,-0.007780880426249951
0.001136665833427413,1.05101503150211,0.0511980040916999
0.001139790833427413,0.8462180880289141,0.1082093780246126
0.001142915833427413,0.6089014579973675,0.1610623262445224
0.001146040833427413,0.3481850864108362,0.2077257395916783
0.001149165833427413,0.07408815721798163,0.2464063692602364
0.001152290833427413,-0.2028559383076429,0.2756177403444339
0.001155415833427413,-0.472004393887025,0.2942372762353777
0.001158540833427413,-0.7230139853124413,0.3015494386107859
0.001161665833427413,-0.9462385547532128,0.2972732251712289
0.001164790833427413,-1.133099707191511,0.2815729684011112
0.001167915833427414,-1.276416473332074,0.2550520203632536
0.001171040833427414,-1.370681270225086,0.2187295662176804
0.001174165833427414,-1.412271554590257,0.1740014575072908
0.001177290833427414,-1.399589035123534,0.1225865703660625
0.001180415833427414,-1.33312109393559,0.06646075007298252
0.001183540833427414,-1.215422056730607,0.007780880426237516
0.001186665833427414,-1.051015031502026,-0.05119800409173943
0.001189790833427414,-0.8462180880288136,-0.1082093780246242
0.001192915833427414,-0.6089014579972543,-0.1610623262445583
0.001196040833427414,-0.3481850864106952,-0.2077257395916894
0.001199165833427414,-0.07408815721785637,-0.2464063692602652
0.001202290833427414,0.202855938307767,-0.275617740344429
0.001205415833427415,0.4720043938871433,-0.2942372762353975
0.001208540833427415,0.723013985312549,-0.3015494386107706
0.001211665833427415,0.9462385547533061,-0.2972732251712388
0.001214790833427415,1.133099707191586,-0.2815729684010864
0.001217915833427415,1.276416473332127,-0.2550520203632543
0.001221040833427415,1.370681270225117,-0.2187295662176469
0.001224165833427415,1.412271554590264,-0.1740014575072841
0.001227290833427415,1.399589035123516,-0.1225865703660221
0.001230415833427415,1.333121093935548,-0.06646075007297142
0.001233540833427415,1.215422056730543,-0.007780880426196216
0.001236665833427415,1.051015031501942,0.05119800409175053
0.001239790833427416,0.8462180880287129,0.1082093780246646
0.001242915833427416,0.6089014579971411,0.1610623262445654
0.001246040833427416,0.3481850864105736,0.207725739591724
0.001249165833427416,0.07408815721773111,0.2464063692602646
0.001252290833427416,-0.2028559383078912,0.2756177403444556
0.001255415833427416,-0.4720043938872615,0.2942372762353875
0.001258540833427416,-0.7230139853126569,0.3015494386107873
0.001261665833427416,-0.9462385547533994,0.2972732251712185
0.001264790833427416,-1.133099707191661,0.2815729684010927
0.001267915833427416,-1.276416473332181,0.2550520203632234
0.001271040833427416,-1.370681270225148,0.2187295662176451
0.001274165833427417,-1.412271554590271,0.1740014575072455
0.001277290833427417,-1.399589035123498,0.1225865703660158
0.001280415833427417,-1.333121093935506,0.0664607500729279
0.001283540833427417,-1.215422056730479,0.007780880426185558
0.001286665833427417,-1.051015031501858,-0.05119800409179316
0.001289790833427417,-0.8462180880286124,-0.1082093780246721
0.001292915833427417,-0.6089014579970279,-0.1610623262446058
0.001296040833427417,-0.348185086410452,-0.2077257395917267
0.001299165833427417,-0.07408815721760585,-0.2464063692602974
0.001302290833427417,0.2028559383080153,-0.2756177403444494
0.001305415833427417,0.4720043938873798,-0.2942372762354103
0.001308540833427418,0.7230139853127647,-0.3015494386107712
0.001311665833427418,0.9462385547534925,-0.2972732251712307
0.001314790833427418,1.133099707191736,-0.2815729684010662
0.001317915833427418,1.276416473332236,-0.2550520203632261
0.001321040833427418,1.370681270225179,-0.2187295662176096
0.001324165833427418,1.412271554590277,-0.1740014575072406
0.001327290833427418,1.39958903512348,-0.1225865703659745
0.001330415833427418,1.333121093935457,-0.06646075007291635
0.001333540833427418,1.215422056730414,-0.007780880426143369
0.001336665833427418,1.051015031501774,0.05119800409180382
0.001339790833427418,0.846218088028512,0.1082093780247125
0.001342915833427419,0.6089014579969146,0.1610623262446112
0.001346040833427419,0.3481850864103304,0.2077257395917617
0.001349165833427419,0.07408815721748058,0.2464063692602972
0.001352290833427419,-0.2028559383081593,0.2756177403444825
0.001355415833427419,-0.472004393887498,0.294237276235399
0.001358540833427419,-0.7230139853128725,0.3015494386107858
0.001361665833427419,-0.9462385547535858,0.2972732251712099
0.001364790833427419,-1.133099707191811,0.281572968401071
0.001367915833427419,-1.27641647333229,0.2550520203631955
0.001371040833427419,-1.37068127022521,0.2187295662176067
0.001374165833427419,-1.412271554590284,0.1740014575072033
0.00137729083342742,-1.399589035123462,0.1225865703659648
0.00138041583342742,-1.333121093935415,0.0664607500728755
0.00138354083342742,-1.21542205673035,0.007780880426131823
0.00138666583342742,-1.05101503150169,-0.05119800409184556
0.00138979083342742,-0.8462180880284115,-0.1082093780247228
0.00139291583342742,-0.6089014579968015,-0.1610623262446494
0.00139604083342742,-0.3481850864102088,-0.2077257395917675
0.00139916583342742,-0.07408815721735532,-0.2464063692603272
0.00140229083342742,0.2028559383082835,-0.2756177403444789
0.00140541583342742,0.4720043938876163,-0.2942372762354188
0.00140854083342742,0.7230139853129803,-0.3015494386107722
0.00141166583342742,0.9462385547536939,-0.2972732251712243
0.001414790833427421,1.133099707191886,-0.2815729684010462
0.001417915833427421,1.276416473332352,-0.2550520203631972
0.001421040833427421,1.37068127022524,-0.2187295662175723
0.001424165833427421,1.412271554590291,-0.174001457507194
0.001427290833427421,1.399589035123444,-0.1225865703659266
0.001430415833427421,1.333121093935374,-0.06646075007286129
0.001433540833427421,1.215422056730286,-0.007780880426091411
0.001436665833427421,1.051015031501593,0.05119800409186422
0.001439790833427421,0.846218088028311,0.1082093780247614
0.001442915833427421,0.6089014579966701,0.1610623262446636
0.001446040833427421,0.3481850864100873,0.2077257395917973
0.001449165833427422,0.07408815721720999,0.246406369260335
0.001452290833427422,-0.2028559383084076,0.2756177403444994
0.001455415833427422,-0.4720043938877534,0.2942372762354166
0.001458540833427422,-0.723013985313088,0.3015494386107823
0.001461665833427422,-0.9462385547537872,0.297273225171205
0.001464790833427422,-1.133099707191962,0.2815729684010475
0.001467915833427422,-1.276416473332406,0.2550520203631693
0.001471040833427422,-1.370681270225272,0.2187295662175654
0.001474165833427422,-1.412271554590298,0.1740014575071593
0.001477290833427422,-1.399589035123426,0.1225865703659128
0.001480415833427422,-1.333121093935332,0.0664607500728231
0.001483540833427423,-1.215422056730222,0.007780880426076312
0.001486665833427423,-1.051015031501509,-0.05119800409190196
0.001489790833427423,-0.8462180880282105,-0.1082093780247734
0.001492915833427423,-0.6089014579965568,-0.1610623262446991
0.001496040833427423,-0.3481850864099657,-0.2077257395918048
0.001499165833427423,-0.07408815721708474,-0.2464063692603623
0.001502290833427423,0.2028559383085318,-0.2756177403444994
0.001505415833427423,0.4720043938878717,-0.2942372762354336
0.001508540833427423,0.7230139853131959,-0.3015494386107718
0.001511665833427423,0.9462385547538803,-0.2972732251712114
0.001514790833427423,1.133099707192037,-0.2815729684010266
0.001517915833427424,1.27641647333246,-0.2550520203631662
0.001521040833427424,1.370681270225302,-0.2187295662175359
0.001524165833427424,1.412271554590304,-0.1740014575071491
0.001527290833427424,1.399589035123408,-0.1225865703658759
0.001530415833427424,1.33312109393529,-0.06646075007280977
0.001533540833427424,1.215422056730158,-0.007780880426036344
0.001536665833427424,1.051015031501425,0.05119800409191484
0.001539790833427424,0.84621808802811,0.1082093780248116
0.001542915833427424,0.6089014579964437,0.1610623262447089
0.001546040833427424,0.3481850864098441,0.2077257395918359
0.001549165833427424,0.07408815721695947,0.2464063692603649
0.001552290833427425,-0.2028559383086559,0.2756177403445222
0.001555415833427425,-0.4720043938879899,0.2942372762354277
0.001558540833427425,-0.7230139853133211,0.3015494386107903
0.001561665833427425,-0.9462385547539736,0.2972732251711938
0.001564790833427425,-1.133099707192112,0.2815729684010274
0.001567915833427425,-1.276416473332514,0.2550520203631395
0.001571040833427425,-1.370681270225333,0.2187295662175283
0.001574165833427425,-1.412271554590311,0.1740014575071145
0.001577290833427425,-1.39958903512339,0.1225865703658653
0.001580415833427425,-1.333121093935248,0.0664607500727698
0.001583540833427425,-1.215422056730094,0.007780880426023465
0.001586665833427426,-1.051015031501341,-0.0511980040919557
0.001589790833427426,-0.8462180880280096,-0.1082093780248231
0.001592915833427426,-0.6089014579963304,-0.1610623262447444
0.001596040833427426,-0.3481850864097226,-0.2077257395918439
0.001599165833427426,-0.0740881572168342,-0.2464063692603929
0.001602290833427426,0.20285593830878,-0.2756177403445205
0.001605415833427426,0.4720043938880892,-0.2942372762354396
0.001608540833427426,0.7230139853134288,-0.3015494386107803
0.001611665833427426,0.9462385547540668,-0.297273225171203
0.001614790833427426,1.133099707192187,-0.281572968401006
0.001617915833427426,1.27641647333256,-0.2550520203631353
0.001621040833427426,1.370681270225369,-0.2187295662175001
0.001624165833427427,1.412271554590318,-0.174001457507106
0.001627290833427427,1.399589035123372,-0.1225865703658267
0.001630415833427427,1.333121093935206,-0.06646075007275826
0.001633540833427427,1.215422056730019,-0.0077808804259795
0.001636665833427427,1.051015031501257,0.05119800409196591
0.001639790833427427,0.8462180880279091,0.1082093780248622
0.001642915833427427,0.6089014579962354,0.1610623262447453
0.001646040833427427,0.3481850864095815,0.2077257395918861
0.001649165833427427,0.07408815721670894,0.246406369260392
0.001652290833427427,-0.2028559383089041,0.2756177403445469
0.001655415833427427,-0.4720043938882075,0.2942372762354282
0.001658540833427428,-0.7230139853135367,0.3015494386107973
0.001661665833427428,-0.9462385547541601,0.2972732251711814
0.001664790833427428,-1.133099707192262,0.2815729684010133
0.001667915833427428,-1.276416473332614,0.2550520203631042
0.001671040833427428,-1.3706812702254,0.218729566217499
0.001674165833427428,-1.412271554590324,0.1740014575070665
0.001677290833427428,-1.399589035123354,0.12258657036582
0.001680415833427428,-1.333121093935164,0.06646075007271385
0.001683540833427428,-1.215422056729955,0.007780880425971063
0.001686665833427428,-1.051015031501173,-0.05119800409201121
0.001689790833427428,-0.8462180880278086,-0.1082093780248684
0.001692915833427429,-0.6089014579961041,-0.1610623262447932
0.001696040833427429,-0.3481850864094599,-0.2077257395918848
0.001699165833427429,-0.07408815721658368,-0.2464063692604253
0.001702290833427429,0.2028559383090283,-0.2756177403445378
0.001705415833427429,0.4720043938883257,-0.2942372762354528
0.001708540833427429,0.7230139853136444,-0.3015494386107784
0.001711665833427429,0.9462385547542532,-0.2972732251711954
0.001714790833427429,1.133099707192337,-0.2815729684009844
0.001717915833427429,1.276416473332668,-0.2550520203631091
0.001721040833427429,1.370681270225431,-0.2187295662174613
0.001724165833427429,1.412271554590331,-0.1740014575070634
0.00172729083342743,1.399589035123336,-0.1225865703657774
0.00173041583342743,1.333121093935122,-0.06646075007270585
0.00173354083342743,1.215422056729891,-0.007780880425925766
0.00173666583342743,1.05101503150109,0.05119800409202098
0.00173979083342743,0.846218088027708,0.1082093780249097
0.00174291583342743,0.6089014579959908,0.1610623262447995
0.00174604083342743,0.3481850864093384,0.2077257395919198
0.00174916583342743,0.07408815721645842,0.2464063692604247
0.00175229083342743,-0.2028559383091525,0.2756177403445635
0.00175541583342743,-0.472004393888444,0.294237276235444
0.00175854083342743,-0.7230139853137522,0.3015494386107938
0.001761665833427431,-0.9462385547543465,0.2972732251711763
0.001764790833427431,-1.133099707192424,0.2815729684009938
0.001767915833427431,-1.276416473332722,0.2550520203630787
0.001771040833427431,-1.370681270225462,0.2187295662174564
0.001774165833427431,-1.412271554590337,0.1740014575070265
0.001777290833427431,-1.399589035123318,0.1225865703657667
0.001780415833427431,-1.33312109393508,0.06646075007266589
0.001783540833427431,-1.215422056729827,0.007780880425912443
0.001786665833427431,-1.051015031501005,-0.05119800409205873
0.001789790833427431,-0.8462180880276075,-0.108209378024923
0.001792915833427431,-0.6089014579958776,-0.1610623262448341
0.001796040833427432,-0.3481850864092168,-0.2077257395919283
0.001799165833427432,-0.07408815721633316,-0.2464063692604518
0.001802290833427432,0.2028559383092766,-0.2756177403445638
0.001805415833427432,0.4720043938885622,-0.2942372762354607
0.001808540833427432,0.7230139853138601,-0.3015494386107836
0.001811665833427432,0.9462385547544397,-0.2972732251711824
0.001814790833427432,1.133099707192499,-0.2815729684009733
0.001817915833427432,1.276416473332793,-0.2550520203630809
0.001821040833427432,1.370681270225492,-0.218729566217426
0.001824165833427432,1.412271554590344,-0.1740014575070145
0.001827290833427432,1.3995890351233,-0.1225865703657298
0.001830415833427432,1.333121093935032,-0.06646075007264857
0.001833540833427433,1.215422056729763,-0.007780880425874695
0.001836665833427433,1.051015031500908,0.0511980040920796
0.001839790833427433,0.846218088027507,0.1082093780249581
0.001842915833427433,0.6089014579957462,0.1610623262448505
0.001846040833427433,0.3481850864090952,0.2077257395919554
0.001849165833427433,0.0740881572162079,0.2464063692604549
0.001852290833427433,-0.2028559383094007,0.275617740344584
0.001855415833427433,-0.4720043938887183,0.2942372762354684
0.001858540833427433,-0.7230139853139678,0.3015494386107903
0.001861665833427433,-0.946238554754533,0.2972732251711646
0.001864790833427433,-1.133099707192574,0.2815729684009717
0.001867915833427434,-1.276416473332847,0.2550520203630551
0.001871040833427434,-1.370681270225524,0.2187295662174162
0.001874165833427434,-1.412271554590351,0.1740014575069821
0.001877290833427434,-1.399589035123282,0.1225865703657139
0.001880415833427434,-1.33312109393499,0.06646075007261171
0.001883540833427434,-1.215422056729699,0.007780880425856488
0.001886665833427434,-1.051015031500824,-0.05119800409211557
0.001889790833427434,-0.8462180880274065,-0.1082093780249723
0.001892915833427434,-0.608901457995633,-0.1610623262448838
0.001896040833427434,-0.3481850864089736,-0.2077257395919642
0.001899165833427434,-0.07408815721608263,-0.2464063692604808
0.001902290833427435,0.2028559383095248,-0.2756177403445842
0.001905415833427435,0.4720043938888365,-0.2942372762354851
0.001908540833427435,0.7230139853140929,-0.3015494386107862
0.001911665833427435,0.9462385547546261,-0.2972732251711692
0.001914790833427435,1.133099707192649,-0.2815729684009501
0.001917915833427435,1.276416473332901,-0.2550520203630507
0.001921040833427435,1.370681270225554,-0.2187295662173862
0.001924165833427435,1.412271554590357,-0.174001457506971
0.001927290833427435,1.399589035123264,-0.1225865703656783
0.001930415833427435,1.333121093934942,-0.06646075007259439
0.001933540833427435,1.215422056729635,-0.007780880425820072
0.001936665833427436,1.05101503150074,0.05119800409213067
0.001939790833427436,0.846218088027306,0.1082093780250088
0.001942915833427436,0.6089014579955198,0.1610623262448936
0.001946040833427436,0.348185086408852,0.2077257395919967
0.001949165833427436,0.07408815721595736,0.2464063692604835
0.001952290833427436,-0.202855938309649,0.2756177403446077
0.001955415833427436,-0.4720043938889169,0.2942372762354648
0.001958540833427436,-0.723013985314166,0.3015494386107915
0.001961665833427436,-0.9462385547547044,0.2972732251711528
0.001964790833427436,-1.133099707192724,0.281572968400959
0.001967915833427436,-1.276416473332938,0.2550520203630216
0.001971040833427436,-1.37068127022558,0.2187295662173838
0.001974165833427436,-1.412271554590361,0.1740014575069386
0.001977290833427436,-1.399589035123246,0.1225865703656708
0.001980415833427437,-1.333121093934913,0.06646075007256197
0.001983540833427437,-1.215422056729581,0.007780880425810302
0.001986665833427437,-1.051015031500656,-0.05119800409217019
0.001989790833427437,-0.8462180880272056,-0.1082093780250212
0.001992915833427437,-0.6089014579954247,-0.1610623262449247
0.001996040833427437,-0.3481850864087695,-0.2077257395919904
0.001999165833427437,-0.07408815721583212,-0.2464063692605186
0.002002290833427437,0.2028559383097731,-0.2756177403446077
0.002005415833427437,0.4720043938890351,-0.294237276235488
0.002008540833427437,0.723013985314274,-0.3015494386107796
0.002011665833427437,0.9462385547548127,-0.2972732251711692
0.002014790833427438,1.133099707192799,-0.2815729684009345
0.002017915833427438,1.276416473332992,-0.255052020363022
0.002021040833427438,1.370681270225611,-0.2187295662173507
0.002024165833427438,1.41227155459037,-0.1740014575069315
0.002027290833427438,1.399589035123228,-0.1225865703656326
0.002030415833427438,1.333121093934871,-0.06646075007254776
0.002033540833427438,1.215422056729517,-0.007780880425771223
0.002036665833427438,1.051015031500572,0.05119800409218529
0.002039790833427438,0.846218088027105,0.1082093780250585
0.002042915833427438,0.6089014579953297,0.1610623262449291
0.002046040833427438,0.3481850864086284,0.2077257395920304
0.002049165833427439,0.07408815721568678,0.2464063692605279
0.002052290833427439,-0.2028559383098973,0.2756177403446284
0.002055415833427439,-0.4720043938891534,0.2942372762354795
0.002058540833427439,-0.7230139853143991,0.3015494386107977
0.002061665833427439,-0.9462385547549208,0.2972732251711546
0.002064790833427439,-1.133099707192874,0.2815729684009344
0.002067915833427439,-1.276416473333046,0.2550520203629923
0.002071040833427439,-1.370681270225637,0.2187295662173416
0.002074165833427439,-1.412271554590376,0.1740014575068964
0.002077290833427439,-1.399589035123207,0.1225865703656184
0.002080415833427439,-1.333121093934829,0.06646075007251001
0.00208354083342744,-1.215422056729463,0.007780880425759232
0.00208666583342744,-1.051015031500502,-0.05119800409221949
0.00208979083342744,-0.8462180880269884,-0.1082093780250785
0.00209291583342744,-0.6089014579951983,-0.16106232624497
0.00209604083342744,-0.3481850864085263,-0.2077257395920295
0.00209916583342744,-0.07408815721558158,-0.246406369260549
0.00210229083342744,0.2028559383100015,-0.2756177403446228
0.00210541583342744,0.4720043938892906,-0.294237276235508
0.00210854083342744,0.7230139853144896,-0.301549438610781
0.00211166583342744,0.946238554754999,-0.2972732251711593
0.00211479083342744,1.133099707192937,-0.281572968400911
0.002117915833427441,1.276416473333108,-0.2550520203629967
0.002121040833427441,1.370681270225673,-0.2187295662173134
0.002124165833427441,1.412271554590383,-0.174001457506888
0.002127290833427441,1.399589035123192,-0.1225865703655833
0.002130415833427441,1.333121093934781,-0.06646075007249447
0.002133540833427441,1.215422056729388,-0.007780880425717044
0.002136665833427441,1.051015031500405,0.05119800409223681
0.002139790833427441,0.846218088026904,0.1082093780251096
0.002142915833427441,0.6089014579951032,0.1610623262449722
0.002146040833427441,0.3481850864083852,0.2077257395920708
0.002149165833427441,0.07408815721543625,0.2464063692605568
0.002152290833427441,-0.2028559383101455,0.2756177403446528
0.002155415833427442,-0.4720043938893899,0.2942372762354891
0.002158540833427442,-0.7230139853146147,0.3015494386108012
0.002161665833427442,-0.9462385547551072,0.2972732251711432
0.002164790833427442,-1.133099707193024,0.2815729684009173
0.002167915833427442,-1.276416473333154,0.2550520203629612
0.002171040833427442,-1.370681270225699,0.2187295662173072
0.002174165833427442,-1.412271554590391,0.1740014575068511
0.002177290833427442,-1.399589035123171,0.1225865703655717
0.002180415833427442,-1.333121093934746,0.06646075007245583
0.002183540833427442,-1.215422056729335,0.007780880425707718
0.002186665833427442,-1.051015031500334,-0.05119800409227411
0.002189790833427443,-0.8462180880267874,-0.1082093780251278
0.002192915833427443,-0.6089014579949719,-0.1610623262450162
0.002196040833427443,-0.3481850864082832,-0.2077257395920668
0.002199165833427443,-0.07408815721533106,-0.2464063692605808
0.002202290833427443,0.2028559383102896,-0.2756177403446584
0.002205415833427443,0.4720043938895271,-0.2942372762355162
0.002208540833427443,0.7230139853147051,-0.3015494386107794
0.002211665833427443,0.9462385547551855,-0.2972732251711483
0.002214790833427443,1.133099707193087,-0.2815729684008907
0.002217915833427443,1.276416473333216,-0.2550520203629668
0.002221040833427443,1.370681270225735,-0.2187295662172768
0.002224165833427444,1.412271554590397,-0.1740014575068436
0.002227290833427444,1.399589035123156,-0.122586570365534
0.002230415833427444,1.333121093934697,-0.06646075007244118
0.002233540833427444,1.21542205672926,-0.007780880425662865
0.002236665833427444,1.051015031500237,0.05119800409228877
0.002239790833427444,0.8462180880267031,0.1082093780251589
0.002242915833427444,0.6089014579948768,0.161062326245018
0.002246040833427444,0.3481850864081421,0.207725739592109
0.002249165833427444,0.07408815721518573,0.2464063692605888
0.002252290833427444,-0.2028559383103938,0.275617740344673
0.002255415833427444,-0.4720043938896264,0.2942372762355024
0.002258540833427445,-0.7230139853148302,0.301549438610801
0.002261665833427445,-0.9462385547552935,0.2972732251711356
0.002264790833427445,-1.133099707193175,0.2815729684008967
0.002267915833427445,-1.276416473333262,0.2550520203629343
0.002271040833427445,-1.37068127022576,0.2187295662172686
0.002274165833427445,-1.412271554590404,0.1740014575068085
0.002277290833427445,-1.399589035123135,0.1225865703655207
0.002280415833427445,-1.333121093934662,0.06646075007240476
0.002283540833427445,-1.215422056729206,0.007780880425653095
0.002286665833427445,-1.051015031500166,-0.05119800409232607
0.002289790833427445,-0.8462180880265864,-0.1082093780251784
0.002292915833427446,-0.6089014579947455,-0.1610623262450601
0.002296040833427446,-0.34818508640804,-0.2077257395921072
0.002299165833427446,-0.07408815721508054,-0.2464063692606094
0.002302290833427446,0.2028559383105378,-0.275617740344681
0.002305415833427446,0.4720043938897635,-0.2942372762355262
0.002308540833427446,0.7230139853149208,-0.3015494386107824
0.002311665833427446,0.9462385547553719,-0.2972732251711378
0.002314790833427446,1.133099707193238,-0.2815729684008731
0.002317915833427446,1.276416473333324,-0.2550520203629368
0.002321040833427446,1.370681270225796,-0.2187295662172408
0.002324165833427446,1.412271554590409,-0.1740014575067983
0.002327290833427447,1.39958903512312,-0.122586570365486
0.002330415833427447,1.333121093934613,-0.06646075007238833
0.002333540833427447,1.215422056729132,-0.007780880425610906
0.002336665833427447,1.051015031500069,0.05119800409234339
0.002339790833427447,0.8462180880265019,0.1082093780252086
0.002342915833427447,0.6089014579946505,0.1610623262450637
0.002346040833427447,0.348185086407899,0.2077257395921468
0.002349165833427447,0.07408815721493521,0.2464063692606201
0.002352290833427447,-0.2028559383106421,0.275617740344695
0.002355415833427447,-0.4720043938898628,0.2942372762355143
0.002358540833427447,-0.7230139853150458,0.3015494386108021
0.002361665833427447,-0.9462385547554801,0.297273225171127
0.002364790833427448,-1.133099707193325,0.2815729684008773
0.002367915833427448,-1.27641647333337,0.2550520203629057
0.002371040833427448,-1.370681270225832,0.2187295662172344
0.002374165833427448,-1.412271554590417,0.1740014575067632
0.002377290833427448,-1.399589035123099,0.1225865703654718
0.002380415833427448,-1.333121093934578,0.0664607500723528
0.002383540833427448,-1.215422056729078,0.00778088042559936
0.002386665833427448,-1.051015031499998,-0.05119800409237803
0.002389790833427448,-0.8462180880263854,-0.1082093780252295
0.002392915833427448,-0.608901457994519,-0.161062326245105
0.002396040833427448,-0.3481850864077579,-0.207725739592161
0.002399165833427449,-0.07408815721483002,-0.2464063692606363
0.002402290833427449,0.2028559383107861,-0.2756177403447012
0.002405415833427449,0.47200439389,-0.294237276235536
0.002408540833427449,0.7230139853151709,-0.3015494386107948
0.002411665833427449,0.9462385547555584,-0.2972732251711241
0.002414790833427449,1.133099707193388,-0.281572968400851
0.002417915833427449,1.276416473333432,-0.2550520203629059
0.002421040833427449,1.370681270225868,-0.2187295662172066
0.002424165833427449,1.412271554590423,-0.1740014575067521
0.002427290833427449,1.399589035123084,-0.1225865703654363
0.002430415833427449,1.333121093934529,-0.06646075007233371
0.00243354083342745,1.215422056728983,-0.007780880425550954
0.00243666583342745,1.051015031499901,0.05119800409239579
0.00243979083342745,0.8462180880263009,0.1082093780252557
0.00244291583342745,0.6089014579943877,0.1610623262451232
0.00244604083342745,0.3481850864076169,0.2077257395921947
0.00244916583342745,0.07408815721468467,0.2464063692606452
0.00245229083342745,-0.2028559383108904,0.2756177403447105
0.00245541583342745,-0.4720043938900993,0.2942372762355236
0.00245854083342745,-0.7230139853152614,0.3015494386108001
0.00246166583342745,-0.9462385547556664,0.297273225171117
0.00246479083342745,-1.133099707193475,0.2815729684008559
0.002467915833427451,-1.276416473333478,0.2550520203628775
0.002471040833427451,-1.370681270225894,0.2187295662171962
0.002474165833427451,-1.41227155459043,0.174001457506721
0.002477290833427451,-1.399589035123063,0.1225865703654212
0.002480415833427451,-1.333121093934495,0.06646075007230173
0.002483540833427451,-1.215422056728929,0.007780880425537188
0.002486665833427451,-1.05101503149983,-0.05119800409242777
0.002489790833427451,-0.8462180880261845,-0.1082093780252792
0.002492915833427451,-0.6089014579942926,-0.161062326245149
0.002496040833427451,-0.3481850864075148,-0.2077257395921987
0.002499165833427451,-0.0740881572145795,-0.2464063692606667
0.002502290833427452,0.2028559383110344,-0.2756177403447225
0.002505415833427452,0.4720043938902365,-0.2942372762355472
0.002508540833427452,0.7230139853153865,-0.301549438610796
0.002511665833427452,0.9462385547557448,-0.2972732251711148
0.002514790833427452,1.133099707193562,-0.2815729684008401
0.002517915833427452,1.27641647333354,-0.2550520203628748
0.002521040833427452,1.37068127022593,-0.218729566217168
0.002524165833427452,1.412271554590436,-0.1740014575067072
0.002527290833427452,1.399589035123048,-0.1225865703653866
0.002530415833427452,1.333121093934446,-0.0664607500722822
0.002533540833427452,1.215422056728855,-0.007780880425495887
0.002536665833427452,1.051015031499733,0.05119800409244819
0.002539790833427453,0.8462180880261,0.1082093780253072
0.002542915833427453,0.6089014579941613,0.1610623262451676
0.002546040833427453,0.3481850864073737,0.2077257395922347
0.002549165833427453,0.07408815721443417,0.246406369260676
0.002552290833427453,-0.2028559383111386,0.2756177403447323
0.002555415833427453,-0.4720043938903358,0.2942372762355352
0.002558540833427453,-0.7230139853154771,0.3015494386108019
0.002561665833427453,-0.946238554755853,0.2972732251711074
0.002564790833427453,-1.133099707193625,0.2815729684008371
0.002567915833427453,-1.276416473333586,0.2550520203628486
0.002571040833427453,-1.370681270225956,0.2187295662171602
0.002574165833427454,-1.412271554590443,0.1740014575066775
0.002577290833427454,-1.399589035123027,0.1225865703653715
0.002580415833427454,-1.333121093934411,0.06646075007224844
0.002583540833427454,-1.215422056728801,0.007780880425483009
0.002586665833427454,-1.051015031499636,-0.05119800409248994
0.002589790833427454,-0.8462180880259833,-0.1082093780253272
0.002592915833427454,-0.6089014579940663,-0.1610623262451916
0.002596040833427454,-0.3481850864072716,-0.2077257395922365
0.002599165833427454,-0.07408815721432897,-0.2464063692606962
0.002602290833427454,0.2028559383112827,-0.2756177403447438
0.002605415833427454,0.472004393890473,-0.2942372762355581
0.002608540833427455,0.7230139853156021,-0.3015494386107972
0.002611665833427455,0.9462385547559312,-0.2972732251711053
0.002614790833427455,1.133099707193712,-0.281572968400821
0.002617915833427455,1.276416473333648,-0.2550520203628462
0.002621040833427455,1.370681270225992,-0.2187295662171309
0.002624165833427455,1.412271554590449,-0.1740014575066633
0.002627290833427455,1.399589035123012,-0.1225865703653386
0.002630415833427455,1.333121093934362,-0.06646075007222846
0.002633540833427455,1.215422056728727,-0.007780880425443485
0.002636665833427455,1.051015031499565,0.0511980040925006
0.002639790833427455,0.846218088025899,0.1082093780253565
0.002642915833427456,0.6089014579939349,0.1610623262452129
0.002646040833427456,0.3481850864071306,0.2077257395922729
0.002649165833427456,0.07408815721418363,0.2464063692607067
0.002652290833427456,-0.2028559383113869,0.2756177403447547
0.002655415833427456,-0.4720043938905723,0.2942372762355467
0.002658540833427456,-0.7230139853157272,0.3015494386108154
0.002661665833427456,-0.9462385547560394,0.2972732251710948
0.002664790833427456,-1.133099707193775,0.2815729684008158
0.002667915833427456,-1.276416473333694,0.2550520203628178
0.002671040833427456,-1.370681270226018,0.2187295662171224
0.002674165833427456,-1.412271554590457,0.1740014575066326
0.002677290833427457,-1.399589035122991,0.1225865703653226
0.002680415833427457,-1.333121093934327,0.06646075007219693
0.002683540833427457,-1.215422056728673,0.00778088042542883
0.002686665833427457,-1.051015031499468,-0.05119800409254234
0.002689790833427457,-0.8462180880257824,-0.1082093780253778
0.002692915833427457,-0.6089014579938398,-0.1610623262452369
0.002696040833427457,-0.3481850864070285,-0.2077257395922764
0.002699165833427457,-0.07408815721407844,-0.2464063692607269
0.002702290833427457,0.202855938311531,-0.2756177403447658
0.002705415833427457,0.4720043938907095,-0.2942372762355698
0.002708540833427457,0.7230139853158176,-0.3015494386107987
0.002711665833427458,0.9462385547561177,-0.2972732251710959
0.002714790833427458,1.133099707193862,-0.2815729684008024
0.002717915833427458,1.276416473333756,-0.2550520203628171
0.002721040833427458,1.370681270226053,-0.218729566217094
0.002724165833427458,1.412271554590462,-0.1740014575066202
0.002727290833427458,1.399589035122976,-0.122586570365288
0.002730415833427458,1.333121093934279,-0.06646075007217783
0.002733540833427458,1.215422056728598,-0.007780880425388418
0.002736665833427458,1.051015031499397,0.05119800409255255
0.002739790833427458,0.8462180880256981,0.108209378025408
0.002742915833427458,0.6089014579937084,0.1610623262452573
0.002746040833427458,0.3481850864068874,0.2077257395923124
0.002749165833427459,0.07408815721393311,0.2464063692607369
0.002752290833427459,-0.2028559383116352,0.2756177403447772
0.002755415833427459,-0.4720043938908088,0.2942372762355577
0.002758540833427459,-0.7230139853159429,0.3015494386108177
0.002761665833427459,-0.9462385547562259,0.297273225171085
0.002764790833427459,-1.133099707193925,0.281572968400797
0.002767915833427459,-1.276416473333802,0.2550520203627891
0.002771040833427459,-1.370681270226079,0.2187295662170856
0.002774165833427459,-1.41227155459047,0.1740014575065882
0.002777290833427459,-1.399589035122955,0.1225865703652742
0.002780415833427459,-1.333121093934243,0.06646075007214364
0.00278354083342746,-1.215422056728544,0.007780880425375539
0.00278666583342746,-1.0510150314993,-0.05119800409259607
0.00278979083342746,-0.8462180880255814,-0.1082093780254258
0.00279291583342746,-0.6089014579935771,-0.1610623262452951
0.00279604083342746,-0.3481850864067853,-0.2077257395923106
0.00279916583342746,-0.07408815721382792,-0.2464063692607566
0.00280229083342746,0.2028559383117792,-0.2756177403447851
0.00280541583342746,0.4720043938909839,-0.294237276235594
0.00280854083342746,0.7230139853160334,-0.3015494386107954
0.00281166583342746,0.946238554756304,-0.297273225171084
0.00281479083342746,1.133099707194012,-0.2815729684007797
0.002817915833427461,1.276416473333882,-0.2550520203627933
0.002821040833427461,1.370681270226115,-0.2187295662170541
0.002824165833427461,1.412271554590475,-0.174001457506574
0.002827290833427461,1.39958903512294,-0.1225865703652378
0.002830415833427461,1.333121093934181,-0.06646075007211921
0.002833540833427461,1.21542205672847,-0.007780880425335571
0.002836665833427461,1.051015031499229,0.05119800409260496
0.002839790833427461,0.8462180880254969,0.1082093780254568
0.002842915833427461,0.6089014579934819,0.1610623262453035
0.002846040833427461,0.3481850864066443,0.2077257395923497
0.002849165833427461,0.07408815721368259,0.2464063692607684
0.002852290833427462,-0.2028559383118834,0.275617740344798
0.002855415833427462,-0.4720043938910832,0.2942372762355837
0.002858540833427462,-0.7230139853161583,0.3015494386108143
0.002861665833427462,-0.9462385547564123,0.2972732251710746
0.002864790833427462,-1.133099707194075,0.2815729684007749
0.002867915833427462,-1.276416473333927,0.2550520203627663
0.002871040833427462,-1.370681270226141,0.2187295662170452
0.002874165833427462,-1.412271554590483,0.1740014575065429
0.002877290833427462,-1.399589035122919,0.1225865703652231
0.002880415833427462,-1.333121093934146,0.06646075007208635
0.002883540833427462,-1.215422056728416,0.007780880425322248
0.002886665833427463,-1.051015031499132,-0.05119800409264803
0.002889790833427463,-0.8462180880253805,-0.108209378025475
0.002892915833427463,-0.6089014579933506,-0.161062326245339
0.002896040833427463,-0.3481850864065422,-0.2077257395923506
0.002899165833427463,-0.0740881572135774,-0.2464063692607868
0.002902290833427463,0.2028559383120275,-0.2756177403448069
0.002905415833427463,0.4720043938912203,-0.2942372762356055
0.002908540833427463,0.7230139853162489,-0.3015494386107966
0.002911665833427463,0.9462385547564905,-0.2972732251710749
0.002914790833427463,1.133099707194162,-0.2815729684007606
0.002917915833427463,1.27641647333399,-0.2550520203627645
0.002921040833427464,1.370681270226177,-0.2187295662170176
0.002924165833427464,1.412271554590488,-0.1740014575065305
0.002927290833427464,1.399589035122898,-0.1225865703651872
0.002930415833427464,1.333121093934098,-0.0664607500720677
0.002933540833427464,1.215422056728342,-0.007780880425283168
0.002936665833427464,1.051015031499062,0.05119800409265914
0.002939790833427464,0.846218088025296,0.1082093780255061
0.002942915833427464,0.6089014579932556,0.1610623262453475
0.002946040833427464,0.3481850864064012,0.2077257395923888
0.002949165833427464,0.07408815721343207,0.2464063692607999
0.002952290833427464,-0.2028559383121318,0.2756177403448191
0.002955415833427464,-0.4720043938913197,0.2942372762355958
0.002958540833427465,-0.723013985316374,0.3015494386108156
0.002961665833427465,-0.9462385547565988,0.297273225171066
0.002964790833427465,-1.133099707194225,0.2815729684007553
0.002967915833427465,-1.276416473334035,0.2550520203627372
0.002971040833427465,-1.370681270226203,0.2187295662170083
0.002974165833427465,-1.412271554590496,0.1740014575064994
0.002977290833427465,-1.399589035122883,0.1225865703651747
0.002980415833427465,-1.333121093934063,0.06646075007203439
0.002983540833427465,-1.215422056728288,0.007780880425268958
0.002986665833427465,-1.051015031498964,-0.05119800409269999
0.002989790833427465,-0.8462180880251795,-0.108209378025527
0.002992915833427466,-0.6089014579931242,-0.1610623262453839
0.002996040833427466,-0.348185086406299,-0.2077257395923906
0.002999165833427466,-0.07408815721328672,-0.2464063692608299
0.003,-3.048865613793478e-14,-0.2551236531549442
