time_s,u_i_V,u_L_V
0.0,0.0,0.0
3.125000000000001e-08,0.002776800051376153,0.002692654595247734
3.392969467508923e-08,0.003014910946860815,0.002922932922940847
3.928908402526768e-08,0.003491132474675278,0.003382258462968476
5.000786272562458e-08,0.00444357428868237,0.004293562563503306
7.144542012633838e-08,0.006348451438192847,0.006087170927953538
1.14320534927766e-07,0.01015816772712727,0.009561419657928106
2.000707645306212e-07,0.01777735149753557,0.01608117426981293
3.715712237363315e-07,0.03301394971126939,0.02757430510372797
7.145721421477523e-07,0.06347387720969476,0.04550166941509171
1.356109831426995e-06,0.1203549873225427,0.06646678709644321
2.316713718036049e-06,0.2051315500989024,0.08060465191221154
3.868447110731948e-06,0.3403664905354407,0.08632468173120811
6.357107439305029e-06,0.5499766321116891,0.08399763141214617
9.48210743930503e-06,0.7935904658742233,0.07663030871932697
1.260710743930503e-05,1.006707063083872,0.06634616528980686
1.573210743930503e-05,1.181136472427032,0.05350622102156954
1.885710743930503e-05,1.310175469523787,0.03861141376478816
2.198210743930503e-05,1.38886515808161,0.02223249495230939
2.510710743930503e-05,1.414181537498912,0.004999258929482497
2.823210743930504e-05,1.385151713512273,-0.01242611010119021
3.135710743930504e-05,1.302891285977388,-0.02937394755231093
3.448210743930504e-05,1.170561476992243,-0.04519296136070738
3.760710743930504e-05,0.9932476469047244,-0.05927523485735808
4.073210743930504e-05,0.7777638667663553,-0.07107959435355604
4.385710743930504e-05,0.5323910574031566,-0.08015240489335929
4.698210743930504e-05,0.2665587582723,-0.08614500346469567
5.010710743930504e-05,-0.009517244451087994,-0.08882709786320785
5.323210743930505e-05,-0.2852275048075522,-0.08809561670572377
5.635710743930505e-05,-0.5499766321116902,-0.08397867040281343
5.948210743930505e-05,-0.7935904658742252,-0.07663447089210762
6.260710743930504e-05,-1.006707063083873,-0.0663452516421229
6.573210743930504e-05,-1.181136472427033,-0.05350642157837826
6.885710743930503e-05,-1.310175469523787,-0.03861136974012291
7.198210743930503e-05,-1.388865158081611,-0.02223250461626081
7.510710743930502e-05,-1.414181537498912,-0.004999256808127184
7.823210743930502e-05,-1.385151713512273,0.01242610963552648
8.135710743930501e-05,-1.302891285977389,0.02937394765452961
8.4482107439305e-05,-1.170561476992244,0.04519296133826911
8.7607107439305e-05,-0.9932476469047272,0.05927523486228314
9.0732107439305e-05,-0.7777638667663586,0.0710795943524748
9.385710743930499e-05,-0.5323910574031614,0.08015240489359576
9.698210743930498e-05,-0.2665587582723044,0.08614500346464377
0.000100107107439305,0.00951724445108217,0.0888270978632187
0.000103232107439305,0.2852275048075459,0.08809561670572119
0.000106357107439305,0.5499766321116843,0.08397867040281415
0.000109482107439305,0.7935904658742172,0.0766344708921064
0.000112607107439305,1.006707063083867,0.06634525164212379
0.000115732107439305,1.181136472427029,0.05350642157837848
0.0001188571074393049,1.310175469523784,0.03861136974012336
0.0001219821074393049,1.388865158081609,0.02223250461626058
0.0001251071074393049,1.414181537498912,0.00499925680812785
0.0001282321074393049,1.385151713512275,-0.01242610963552626
0.000131357107439305,1.30289128597739,-0.02937394765452983
0.000134482107439305,1.170561476992247,-0.04519296133826867
0.000137607107439305,0.9932476469047291,-0.05927523486228348
0.000140732107439305,0.7777638667663599,-0.0710795943524749
0.000143857107439305,0.5323910574031627,-0.0801524048935961
0.000146982107439305,0.2665587582723046,-0.08614500346464415
0.000150107107439305,-0.009517244451084508,-0.08882709786321963
0.000153232107439305,-0.2852275048075506,-0.08809561670572191
0.000156357107439305,-0.5499766321116877,-0.08397867040281354
0.000159482107439305,-0.7935904658742213,-0.07663447089210706
0.000162607107439305,-1.006707063083873,-0.06634525164212446
0.000165732107439305,-1.181136472427033,-0.05350642157837737
0.0001688571074393051,-1.310175469523787,-0.03861136974012291
0.0001719821074393051,-1.388865158081611,-0.02223250461626081
0.0001751071074393051,-1.414181537498912,-0.004999256808126962
0.0001782321074393051,-1.385151713512273,0.01242610963552671
0.0001813571074393051,-1.302891285977387,0.02937394765452983
0.0001844821074393051,-1.17056147699224,0.04519296133826933
0.0001876071074393051,-0.9932476469047203,0.05927523486228403
0.0001907321074393051,-0.7777638667663516,0.0710795943524748
0.0001938571074393051,-0.5323910574031513,0.0801524048935972
0.0001969821074393051,-0.2665587582722925,0.08614500346464415
0.0002001071074393051,0.009517244451094383,0.08882709786321874
0.0002032321074393051,0.2852275048075603,0.088095616705722
0.0002063571074393051,0.5499766321116968,0.08397867040281326
0.0002094821074393052,0.7935904658742335,0.07663447089210829
0.0002126071074393052,1.00670706308388,0.06634525164212213
0.0002157321074393052,1.181136472427039,0.05350642157837804
0.0002188571074393052,1.310175469523791,0.03861136974012203
0.0002219821074393052,1.388865158081613,0.02223250461626014
0.0002251071074393052,1.414181537498912,0.00499925680812674
0.0002282321074393052,1.38515171351227,-0.01242610963552782
0.0002313571074393052,1.302891285977382,-0.0293739476545305
0.0002344821074393052,1.170561476992233,-0.04519296133827022
0.0002376071074393052,0.9932476469047133,-0.0592752348622837
0.0002407321074393052,0.7777638667663433,-0.07107959435247502
0.0002438571074393052,0.5323910574031399,-0.08015240489359843
0.0002469821074393053,0.2665587582722803,-0.08614500346464427
0.0002501071074393052,-0.009517244451101746,-0.08882709786321674
0.0002532321074393052,-0.2852275048075675,-0.08809561670572241
0.0002563571074393052,-0.5499766321117058,-0.08397867040281387
0.0002594821074393052,-0.7935904658742335,-0.07663447089210473
0.0002626071074393052,-1.00670706308388,-0.06634525164212302
0.0002657321074393051,-1.181136472427038,-0.05350642157837737
0.0002688571074393051,-1.31017546952379,-0.03861136974012225
0.0002719821074393051,-1.388865158081611,-0.0222325046162597
0.0002751071074393051,-1.414181537498912,-0.004999256808127628
0.0002782321074393051,-1.385151713512272,0.01242610963552715
0.000281357107439305,-1.302891285977388,0.02937394765452916
0.000284482107439305,-1.170561476992243,0.04519296133826933
0.000287607107439305,-0.993247646904726,0.05927523486228303
0.000290732107439305,-0.7777638667663581,0.07107959435247446
0.000293857107439305,-0.5323910574031656,0.08015240489359432
0.000296982107439305,-0.2665587582723101,0.08614500346464354
0.0003001071074393049,0.009517244451081475,0.08882709786322057
0.0003032321074393049,0.2852275048075403,0.08809561670571883
0.0003063571074393049,0.5499766321116779,0.08397867040281443
0.0003094821074393049,0.7935904658742085,0.07663447089210573
0.0003126071074393049,1.006707063083862,0.06634525164212557
0.0003157321074393048,1.181136472427021,0.05350642157837693
0.0003188571074393048,1.310175469523779,0.03861136974012469
0.0003219821074393048,1.388865158081606,0.02223250461626169
0.0003251071074393048,1.414181537498912,0.004999256808128294
0.0003282321074393048,1.385151713512278,-0.01242610963552537
0.0003313571074393047,1.3028912859774,-0.02937394765452761
0.0003344821074393047,1.170561476992257,-0.04519296133826844
0.0003376071074393047,0.9932476469047475,-0.05927523486228037
0.0003407321074393047,0.7777638667663835,-0.07107959435247369
0.0003438571074393047,0.532391057403189,-0.08015240489359521
0.0003469821074393047,0.2665587582723349,-0.08614500346464271
0.0003501071074393046,-0.00951724445105116,-0.08882709786321867
0.0003532321074393046,-0.2852275048075106,-0.08809561670571953
0.0003563571074393046,-0.5499766321116546,-0.08397867040281681
0.0003594821074393046,-0.7935904658741874,-0.07663447089210595
0.0003626071074393046,-1.006707063083841,-0.06634525164212535
0.0003657321074393045,-1.181136472427007,-0.05350642157838026
0.0003688571074393045,-1.310175469523769,-0.03861136974012536
0.0003719821074393045,-1.388865158081602,-0.02223250461626347
0.0003751071074393045,-1.414181537498912,-0.004999256808130514
0.0003782321074393045,-1.385151713512283,0.01242610963552337
0.0003813571074393044,-1.302891285977409,0.02937394765452583
0.0003844821074393044,-1.170561476992274,0.04519296133826578
0.0003876071074393044,-0.9932476469047656,0.05927523486228059
0.0003907321074393044,-0.7777638667664046,0.07107959435247257
0.0003938571074393044,-0.5323910574032125,0.08015240489359465
0.0003969821074393043,-0.2665587582723647,0.08614500346464049
0.0004001071074393043,0.009517244451025864,0.08882709786322092
0.0004032321074393043,0.2852275048074907,0.08809561670572114
0.0004063571074393043,0.5499766321116313,0.08397867040281504
0.0004094821074393043,0.7935904658741665,0.07663447089210729
0.0004126071074393043,1.006707063083823,0.06634525164212612
0.0004157321074393042,1.181136472426993,0.05350642157838137
0.0004188571074393042,1.31017546952376,0.03861136974012713
0.0004219821074393042,1.388865158081596,0.02223250461626436
0.0004251071074393042,1.414181537498912,0.004999256808132735
0.0004282321074393042,1.385151713512289,-0.01242610963552138
0.0004313571074393041,1.302891285977419,-0.02937394765452495
0.0004344821074393041,1.170561476992289,-0.04519296133826467
0.0004376071074393041,0.9932476469047871,-0.05927523486227815
0.0004407321074393041,0.7777638667664298,-0.07107959435247158
0.0004438571074393041,0.5323910574032406,-0.08015240489359376
0.000446982107439304,0.2665587582723846,-0.08614500346464393
0.000450107107439304,-0.00951724445100057,-0.08882709786321803
0.000453232107439304,-0.2852275048074561,-0.08809561670571811
0.000456357107439304,-0.5499766321116034,-0.08397867040281837
0.000459482107439304,-0.7935904658741456,-0.0766344708921094
0.000462607107439304,-1.006707063083805,-0.06634525164212712
0.0004657321074393039,-1.181136472426977,-0.05350642157838181
0.0004688571074393039,-1.310175469523748,-0.03861136974012913
0.0004719821074393039,-1.388865158081591,-0.0222325046162668
0.0004751071074393039,-1.414181537498913,-0.004999256808134289
0.0004782321074393039,-1.385151713512294,0.01242610963552004
0.0004813571074393038,-1.302891285977431,0.02937394765452295
0.0004844821074393038,-1.170561476992305,0.04519296133826312
0.0004876071074393038,-0.9932476469048052,0.05927523486227781
0.0004907321074393038,-0.7777638667664468,0.07107959435247191
0.0004938571074393038,-0.5323910574032593,0.08015240489359288
0.0004969821074393037,-0.2665587582724193,0.08614500346463783
0.0005001071074393037,0.009517244450970252,0.08882709786322111
0.0005032321074393037,0.2852275048074362,0.08809561670572152
0.0005063571074393037,0.5499766321115801,0.0839786704028162
0.0005094821074393037,0.7935904658741246,0.07663447089211073
0.0005126071074393036,1.00670706308378,0.06634525164212535
0.0005157321074393036,1.18113647242696,0.05350642157838514
0.0005188571074393036,1.310175469523741,0.03861136974013202
0.0005219821074393036,1.388865158081587,0.02223250461626769
0.0005251071074393036,1.414181537498913,0.004999256808135621
0.0005282321074393036,1.3851517135123,-0.01242610963551782
0.0005313571074393035,1.302891285977441,-0.02937394765452161
0.0005344821074393035,1.17056147699232,-0.04519296133826156
0.0005376071074393035,0.9932476469048233,-0.05927523486227682
0.0005407321074393035,0.7777638667664722,-0.07107959435246947
0.0005438571074393035,0.5323910574032874,-0.08015240489359243
0.0005469821074393034,0.2665587582724392,-0.0861450034646411
0.0005501071074393034,-0.009517244450944958,-0.08882709786321831
0.0005532321074393034,-0.2852275048074115,-0.08809561670572238
0.0005563571074393034,-0.5499766321115475,-0.08397867040281298
0.0005594821074393034,-0.7935904658740954,-0.07663447089211273
0.0005626071074393033,-1.006707063083763,-0.06634525164212934
0.0005657321074393033,-1.181136472426952,-0.05350642157838803
0.0005688571074393033,-1.310175469523728,-0.03861136974012913
0.0005719821074393033,-1.388865158081581,-0.02223250461627102
0.0005751071074393033,-1.414181537498913,-0.004999256808137398
0.0005782321074393033,-1.385151713512305,0.01242610963551649
0.0005813571074393032,-1.302891285977451,0.02937394765452028
0.0005844821074393032,-1.170561476992334,0.04519296133826023
0.0005876071074393032,-0.9932476469048411,0.05927523486227548
0.0005907321074393032,-0.7777638667664933,0.07107959435246858
0.0005938571074393032,-0.5323910574033108,0.08015240489359154
0.0005969821074393031,-0.2665587582724641,0.08614500346464071
0.0006001071074393031,0.009517244450909615,0.08882709786321423
0.0006032321074393031,0.2852275048073769,0.08809561670572355
0.0006063571074393031,0.5499766321115243,0.0839786704028172
0.0006094821074393031,0.7935904658740829,0.07663447089211584
0.000612607107439303,1.006707063083745,0.06634525164212646
0.000615732107439303,1.181136472426932,0.05350642157838803
0.000618857107439303,1.310175469523718,0.03861136974013291
0.000621982107439303,1.388865158081576,0.02223250461627169
0.000625107107439303,1.414181537498913,0.004999256808138952
0.000628232107439303,1.385151713512311,-0.01242610963551516
0.0006313571074393029,1.30289128597746,-0.02937394765451851
0.0006344821074393029,1.170561476992348,-0.04519296133825845
0.0006376071074393029,0.9932476469048591,-0.05927523486227448
0.0006407321074393029,0.7777638667665145,-0.07107959435246747
0.0006438571074393029,0.5323910574033436,-0.08015240489358744
0.0006469821074393028,0.2665587582724988,-0.08614500346464082
0.0006501071074393028,-0.00951724445088432,-0.08882709786321791
0.0006532321074393028,-0.2852275048073521,-0.08809561670572294
0.0006563571074393028,-0.5499766321115102,-0.08397867040282148
0.0006594821074393028,-0.7935904658740535,-0.07663447089210906
0.0006626071074393027,-1.006707063083727,-0.06634525164213256
0.0006657321074393027,-1.181136472426918,-0.05350642157838825
0.0006688571074393027,-1.310175469523708,-0.03861136974013468
0.0006719821074393027,-1.388865158081569,-0.02223250461627257
0.0006751071074393027,-1.414181537498913,-0.004999256808141617
0.0006782321074393026,-1.385151713512316,0.0124261096355136
0.0006813571074393026,-1.30289128597747,0.02937394765451717
0.0006844821074393026,-1.170561476992362,0.04519296133825756
0.0006876071074393026,-0.9932476469048843,0.05927523486227038
0.0006907321074393026,-0.777763866766544,0.07107959435246647
0.0006938571074393026,-0.532391057403367,0.08015240489358999
0.0006969821074393025,-0.2665587582725236,0.08614500346463971
0.0007001071074393025,0.009517244450869076,0.08882709786322185
0.0007032321074393025,0.2852275048073273,0.08809561670571836
0.0007063571074393025,0.5499766321114776,0.08397867040281948
0.0007094821074393025,0.7935904658740326,0.07663447089211417
0.0007126071074393024,1.006707063083709,0.06634525164213267
0.0007157321074393024,1.181136472426899,0.05350642157838759
0.0007188571074393024,1.310175469523699,0.03861136974013868
0.0007219821074393024,1.388865158081566,0.02223250461627369
0.0007251071074393024,1.414181537498914,0.004999256808142505
0.0007282321074393023,1.385151713512321,-0.01242610963551161
0.0007313571074393023,1.302891285977484,-0.02937394765451429
0.0007344821074393023,1.170561476992382,-0.04519296133825557
0.0007376071074393023,0.9932476469049023,-0.05927523486227149
0.0007407321074393023,0.7777638667665651,-0.07107959435246525
0.0007438571074393022,0.5323910574033812,-0.08015240489359299
0.0007469821074393022,0.2665587582725484,-0.086145003464635
0.0007501071074393022,-0.009517244450833733,-0.0888270978632188
0.0007532321074393022,-0.2852275048073025,-0.08809561670572313
0.0007563571074393022,-0.5499766321114543,-0.08397867040281903
0.0007594821074393022,-0.7935904658740034,-0.07663447089211195
0.0007626071074393021,-1.006707063083685,-0.066345251642135
0.0007657321074393021,-1.18113647242689,-0.05350642157839358
0.0007688571074393021,-1.310175469523689,-0.03861136974013712
0.0007719821074393021,-1.388865158081562,-0.02223250461627679
0.0007751071074393021,-1.414181537498914,-0.004999256808144281
0.000778232107439302,-1.385151713512328,0.01242610963550983
0.000781357107439302,-1.302891285977494,0.02937394765451362
0.000784482107439302,-1.170561476992396,0.04519296133825423
0.000787607107439302,-0.9932476469049204,0.05927523486227027
0.000790732107439302,-0.7777638667665863,0.07107959435246436
0.000793857107439302,-0.5323910574034139,0.08015240489358877
0.0007969821074393019,-0.2665587582725732,0.08614500346463894
0.0008001071074393019,0.009517244450808439,0.08882709786321785
0.0008032321074393019,0.2852275048072778,0.08809561670572355
0.0008063571074393019,0.549976632111431,0.08397867040281942
0.0008094821074393019,0.7935904658739906,0.07663447089211584
0.0008126071074393018,1.006707063083667,0.06634525164213212
0.0008157321074393018,1.181136472426871,0.05350642157839336
0.0008188571074393018,1.310175469523676,0.03861136974013935
0.0008219821074393018,1.388865158081555,0.02223250461627879
0.0008251071074393018,1.414181537498914,0.00499925680814628
0.0008282321074393017,1.385151713512333,-0.01242610963550805
0.0008313571074393017,1.302891285977504,-0.02937394765451207
0.0008344821074393017,1.170561476992405,-0.0451929613382549
0.0008376071074393017,0.9932476469049313,-0.05927523486226938
0.0008407321074393017,0.7777638667666158,-0.07107959435245703
0.0008438571074393016,0.5323910574034466,-0.08015240489358899
0.0008469821074393016,0.266558758272608,-0.0861450034646381
0.0008501071074393016,-0.009517244450773097,-0.08882709786321769
0.0008532321074393016,-0.285227504807253,-0.08809561670572769
0.0008563571074393016,-0.5499766321114077,-0.08397867040281914
0.0008594821074393016,-0.7935904658739698,-0.07663447089211695
0.0008626071074393015,-1.006707063083656,-0.06634525164213578
0.0008657321074393015,-1.181136472426863,-0.05350642157839358
0.0008688571074393015,-1.31017546952367,-0.03861136974014068
0.0008719821074393015,-1.388865158081548,-0.0222325046162779
0.0008751071074393015,-1.414181537498914,-0.0049992568081485
0.0008782321074393014,-1.385151713512338,0.01242610963550672
0.0008813571074393014,-1.302891285977514,0.02937394765451029
0.0008844821074393014,-1.170561476992425,0.04519296133825135
0.0008876071074393014,-0.9932476469049564,0.05927523486226804
0.0008907321074393014,-0.7777638667666285,0.07107959435246225
0.0008938571074393013,-0.5323910574034608,0.08015240489358721
0.0008969821074393013,-0.266558758272623,0.0861450034646381
0.0009001071074393013,0.009517244450747801,0.08882709786321372
0.0009032321074393013,0.2852275048072184,0.08809561670572497
0.0009063571074393013,0.5499766321113752,0.08397867040282059
0.0009094821074393012,0.7935904658739406,0.07663447089211783
0.0009126071074393012,1.006707063083631,0.06634525164213723
0.0009157321074393012,1.181136472426843,0.05350642157839514
0.0009188571074393012,1.310175469523657,0.03861136974014268
0.0009219821074393012,1.388865158081545,0.0222325046162819
0.0009251071074393012,1.414181537498914,0.004999256808148944
0.0009282321074393011,1.385151713512345,-0.0124261096355045
0.0009313571074393011,1.302891285977527,-0.02937394765450874
0.0009344821074393011,1.170561476992444,-0.04519296133824935
0.0009376071074393011,0.9932476469049815,-0.05927523486226627
0.0009407321074393011,0.777763866766658,-0.07107959435246092
0.000943857107439301,0.5323910574034841,-0.08015240489358999
0.000946982107439301,0.2665587582726478,-0.08614500346463688
0.000950107107439301,-0.009517244450732557,-0.08882709786321769
0.000953232107439301,-0.2852275048072034,-0.08809561670572416
0.000956357107439301,-0.549976632111361,-0.08397867040282098
0.0009594821074393009,-0.7935904658739112,-0.07663447089211173
0.0009626071074393009,-1.006707063083606,-0.06634525164214033
0.0009657321074393009,-1.181136472426829,-0.05350642157839891
0.0009688571074393009,-1.310175469523648,-0.03861136974014334
0.0009719821074393009,-1.388865158081541,-0.02223250461628323
0.0009751071074393009,-1.414181537498914,-0.00499925680815072
0.0009782321074393008,-1.385151713512348,0.01242610963550383
0.000981357107439301,-1.302891285977533,0.02937394765450785
0.000984482107439301,-1.170561476992442,0.04519296133825335
0.000987607107439301,-0.993247646904978,0.05927523486226571
0.0009907321074393012,-0.7777638667666456,0.07107959435246425
0.0009938571074393013,-0.5323910574034705,0.08015240489358944
0.0009969821074393014,-0.2665587582726233,0.08614500346464138
0.001000107107439301,0.009517244450757505,0.08882709786321695
0.001003232107439302,0.2852275048072476,0.08809561670573185
0.001006357107439302,0.5499766321114026,0.08397867040281831
0.001009482107439302,0.7935904658739819,0.07663447089212383
0.001012607107439302,1.006707063083666,0.06634525164213345
0.001015732107439302,1.181136472426882,0.05350642157839736
0.001018857107439302,1.310175469523684,0.03861136974013712
0.001021982107439302,1.38886515808156,0.02223250461627813
0.001025107107439302,1.414181537498914,0.004999256808144059
0.001028232107439302,1.385151713512323,-0.01242610963551138
0.001031357107439302,1.302891285977481,-0.02937394765451651
0.001034482107439302,1.170561476992371,-0.04519296133825823
0.001037607107439303,0.9932476469048959,-0.05927523486226927
0.001040732107439303,0.7777638667665324,-0.07107959435247602
0.001043857107439303,0.5323910574033636,-0.08015240489358477
0.001046982107439303,0.2665587582724903,-0.08614500346465254
0.001050107107439303,-0.009517244450882935,-0.08882709786321154
0.001053232107439303,-0.2852275048073802,-0.08809561670573585
0.001056357107439303,-0.5499766321115181,-0.0839786704028107
0.001059482107439303,-0.7935904658740773,-0.0766344708921175
0.001062607107439303,-1.006707063083754,-0.06634525164213212
0.001065732107439303,-1.181136472426945,-0.05350642157838825
0.001068857107439303,-1.310175469523731,-0.03861136974013313
0.001071982107439304,-1.388865158081584,-0.02223250461626991
0.001075107107439304,-1.414181537498913,-0.004999256808135621
0.001078232107439304,-1.385151713512298,0.01242610963551938
0.001081357107439304,-1.302891285977432,0.02937394765452384
0.001084482107439304,-1.170561476992301,0.04519296133826467
0.001087607107439304,-0.9932476469048066,0.05927523486227526
0.001090732107439304,-0.7777638667664276,0.07107959435248057
0.001093857107439304,-0.5323910574032473,0.08015240489358821
0.001096982107439304,-0.266558758272367,0.08614500346465453
0.001100107107439304,0.009517244451008367,0.08882709786321191
0.001103232107439304,0.2852275048075031,0.08809561670573479
0.001106357107439305,0.5499766321116337,0.08397867040280815
0.001109482107439305,0.7935904658741811,0.07663447089211362
0.001112607107439305,1.006707063083842,0.0663452516421269
0.001115732107439305,1.181136472427014,0.05350642157838159
0.001118857107439305,1.310175469523778,0.03861136974012602
0.001121982107439305,1.388865158081608,0.0222325046162628
0.001125107107439305,1.414181537498912,0.004999256808128072
0.001128232107439305,1.385151713512272,-0.01242610963552693
0.001131357107439305,1.302891285977383,-0.02937394765453116
0.001134482107439305,1.170561476992231,-0.04519296133827178
0.001137607107439305,0.9932476469047031,-0.05927523486228659
0.001140732107439305,0.7777638667663228,-0.07107959435247879
0.001143857107439306,0.5323910574031124,-0.08015240489360032
0.001146982107439306,0.2665587582722438,-0.08614500346464721
0.001150107107439306,-0.009517244451153895,-0.08882709786322218
0.001153232107439306,-0.285227504807626,-0.08809561670572366
0.001156357107439306,-0.5499766321117677,-0.08397867040281493
0.001159482107439306,-0.793590465874285,-0.07663447089210029
0.001162607107439306,-1.006707063083945,-0.06634525164212912
0.001165732107439306,-1.181136472427083,-0.05350642157836827
0.001168857107439306,-1.310175469523833,-0.03861136974012314
0.001171982107439306,-1.388865158081631,-0.02223250461625081
0.001175107107439306,-1.414181537498911,-0.004999256808121411
0.001178232107439307,-1.385151713512247,0.01242610963553514
0.001181357107439307,-1.302891285977334,0.02937394765453893
0.001184482107439307,-1.17056147699216,0.04519296133827844
0.001187607107439307,-0.9932476469046138,0.05927523486229225
0.001190732107439307,-0.7777638667662181,0.07107959435248346
0.001193857107439307,-0.5323910574029963,0.08015240489360387
0.001196982107439307,-0.2665587582721207,0.08614500346464932
0.001200107107439307,0.009517244451279326,0.08882709786322264
0.001203232107439307,0.2852275048077488,0.08809561670572258
0.001206357107439307,0.5499766321118833,0.08397867040281237
0.001209482107439307,0.7935904658744055,0.07663447089210285
0.001212607107439308,1.006707063084033,0.06634525164211569
0.001215732107439308,1.181136472427152,0.05350642157836383
0.001218857107439308,1.31017546952388,0.03861136974011581
0.001221982107439308,1.388865158081655,0.02223250461624326
0.001225107107439308,1.41418153749891,0.004999256808112973
0.001228232107439308,1.385151713512222,-0.01242610963554269
0.001231357107439308,1.302891285977286,-0.02937394765454626
0.001234482107439308,1.17056147699209,-0.04519296133828532
0.001237607107439308,0.9932476469045244,-0.05927523486229858
0.001240732107439308,0.7777638667661133,-0.0710795943524879
0.001243857107439308,0.5323910574028801,-0.08015240489360731
0.001246982107439309,0.2665587582719975,-0.08614500346465126
0.001250107107439309,-0.009517244451404758,-0.08882709786322313
0.001253232107439309,-0.2852275048078717,-0.08809561670572144
0.001256357107439309,-0.5499766321119989,-0.08397867040280971
0.001259482107439309,-0.7935904658745093,-0.07663447089209874
0.001262607107439309,-1.006707063084121,-0.06634525164211058
0.001265732107439309,-1.181136472427221,-0.05350642157835739
0.001268857107439309,-1.310175469523927,-0.03861136974010893
0.001271982107439309,-1.388865158081679,-0.02223250461623572
0.001275107107439309,-1.414181537498909,-0.004999256808105423
0.001278232107439309,-1.385151713512196,0.01242610963555069
0.00128135710743931,-1.302891285977229,0.02937394765455692
0.00128448210743931,-1.170561476992019,0.04519296133828843
0.00128760710743931,-0.9932476469044352,0.05927523486230513
0.00129073210743931,-0.7777638667660086,0.07107959435249267
0.00129385710743931,-0.5323910574027639,0.08015240489361064
0.00129698210743931,-0.2665587582718743,0.08614500346465337
0.00130010710743931,0.00951724445153019,0.08882709786322354
0.00130323210743931,0.2852275048079945,0.08809561670572039
0.00130635710743931,0.5499766321121144,0.0839786704028071
0.00130948210743931,0.793590465874613,0.07663447089209474
0.00131260710743931,1.006707063084209,0.06634525164210536
0.00131573210743931,1.18113647242729,0.05350642157835117
0.001318857107439311,1.310175469523974,0.0386113697401016
0.001321982107439311,1.388865158081702,0.02223250461622772
0.001325107107439311,1.414181537498908,0.004999256808097652
0.001328232107439311,1.385151713512171,-0.01242610963555824
0.001331357107439311,1.30289128597718,-0.02937394765456425
0.001334482107439311,1.170561476991949,-0.04519296133829465
0.001337607107439311,0.9932476469043459,-0.05927523486231101
0.001340732107439311,0.7777638667659039,-0.07107959435249733
0.001343857107439311,0.5323910574026476,-0.08015240489361397
0.001346982107439311,0.2665587582717511,-0.08614500346465503
0.001350107107439311,-0.00951724445165562,-0.08882709786322407
0.001353232107439312,-0.2852275048081174,-0.08809561670571928
0.001356357107439312,-0.54997663211223,-0.08397867040280454
0.001359482107439312,-0.7935904658747168,-0.07663447089209063
0.001362607107439312,-1.006707063084297,-0.06634525164210003
0.001365732107439312,-1.181136472427359,-0.05350642157834495
0.001368857107439312,-1.310175469524022,-0.03861136974009427
0.001371982107439312,-1.388865158081726,-0.02223250461621995
0.001375107107439312,-1.414181537498908,-0.004999256808089214
0.001378232107439312,-1.385151713512146,0.01242610963556645
0.001381357107439312,-1.302891285977131,0.0293739476545718
0.001384482107439312,-1.170561476991879,0.04519296133830175
0.001387607107439313,-0.9932476469042566,0.05927523486231667
0.001390732107439313,-0.777763866765799,0.071079594352502
0.001393857107439313,-0.5323910574025315,0.08015240489361752
0.001396982107439313,-0.2665587582716279,0.08614500346465725
0.001400107107439313,0.009517244451781051,0.08882709786322444
0.001403232107439313,0.2852275048082402,0.08809561670571811
0.001406357107439313,0.5499766321123456,0.08397867040280199
0.001409482107439313,0.7935904658748207,0.07663447089208686
0.001412607107439313,1.006707063084385,0.06634525164209493
0.001415732107439313,1.181136472427439,0.05350642157834296
0.001418857107439313,1.310175469524069,0.03861136974008206
0.001421982107439314,1.388865158081749,0.02223250461621373
0.001425107107439314,1.414181537498907,0.004999256808081443
0.001428232107439314,1.385151713512121,-0.012426109635574
0.001431357107439314,1.302891285977082,-0.0293739476545789
0.001434482107439314,1.170561476991808,-0.04519296133830863
0.001437607107439314,0.9932476469041672,-0.05927523486232278
0.001440732107439314,0.7777638667656943,-0.07107959435250677
0.001443857107439314,0.5323910574024152,-0.08015240489362097
0.001446982107439314,0.2665587582715048,-0.08614500346465914
0.001450107107439314,-0.009517244451906484,-0.08882709786322487
0.001453232107439314,-0.2852275048083631,-0.08809561670571708
0.001456357107439315,-0.5499766321124611,-0.08397867040279922
0.001459482107439315,-0.7935904658749245,-0.07663447089208286
0.001462607107439315,-1.006707063084473,-0.06634525164208971
0.001465732107439315,-1.181136472427508,-0.05350642157833652
0.001468857107439315,-1.310175469524116,-0.03861136974007495
0.001471982107439315,-1.388865158081773,-0.02223250461620618
0.001475107107439315,-1.414181537498906,-0.004999256808073227
0.001478232107439315,-1.385151713512095,0.01242610963558177
0.001481357107439315,-1.302891285977034,0.02937394765458645
0.001484482107439315,-1.170561476991738,0.04519296133831552
0.001487607107439315,-0.9932476469040638,0.05927523486233421
0.001490732107439316,-0.7777638667655895,0.07107959435250477
0.001493857107439316,-0.5323910574022991,0.08015240489362574
0.001496982107439316,-0.2665587582713816,0.08614500346466081
0.001500107107439316,0.009517244452031915,0.08882709786322542
0.001503232107439316,0.285227504808486,0.08809561670571595
0.001506357107439316,0.5499766321125766,0.08397867040279666
0.001509482107439316,0.7935904658750284,0.07663447089207864
0.001512607107439316,1.006707063084561,0.06634525164208449
0.001515732107439316,1.181136472427577,0.05350642157833008
0.001518857107439316,1.310175469524163,0.03861136974006762
0.001521982107439316,1.388865158081797,0.02223250461619841
0.001525107107439316,1.414181537498905,0.004999256808065899
0.001528232107439317,1.38515171351207,-0.01242610963558977
0.001531357107439317,1.302891285976985,-0.029373947654594
0.001534482107439317,1.170561476991668,-0.04519296133832196
0.001537607107439317,0.9932476469039744,-0.05927523486234032
0.001540732107439317,0.7777638667654848,-0.07107959435250955
0.001543857107439317,0.5323910574021828,-0.08015240489362929
0.001546982107439317,0.2665587582712386,-0.08614500346467052
0.001550107107439317,-0.009517244452157346,-0.08882709786321645
0.001553232107439317,-0.2852275048086285,-0.08809561670572458
0.001556357107439317,-0.5499766321126922,-0.08397867040278423
0.001559482107439317,-0.7935904658751488,-0.07663447089208342
0.001562607107439318,-1.006707063084649,-0.06634525164207061
0.001565732107439318,-1.181136472427646,-0.05350642157832586
0.001568857107439318,-1.31017546952421,-0.03861136974006008
0.001571982107439318,-1.388865158081824,-0.02223250461619242
0.001575107107439318,-1.414181537498904,-0.004999256808055907
0.001578232107439318,-1.385151713512041,0.01242610963559865
0.001581357107439318,-1.302891285976936,0.02937394765459955
0.001584482107439318,-1.170561476991586,0.04519296133833395
0.001587607107439318,-0.9932476469038851,0.05927523486234076
0.001590732107439318,-0.7777638667653631,0.07107959435252209
0.001593857107439318,-0.5323910574020666,0.08015240489362452
0.001596982107439319,-0.2665587582711154,0.08614500346467424
0.001600107107439319,0.009517244452302873,0.08882709786322425
0.001603232107439319,0.2852275048087514,0.08809561670571403
0.001606357107439319,0.5499766321128078,0.08397867040278378
0.001609482107439319,0.7935904658752361,0.07663447089207243
0.001612607107439319,1.006707063084752,0.06634525164207883
0.001615732107439319,1.181136472427715,0.05350642157831076
0.001618857107439319,1.310175469524258,0.03861136974005519
0.001621982107439319,1.388865158081848,0.02223250461618442
0.001625107107439319,1.414181537498903,0.004999256808048136
0.001628232107439319,1.385151713512015,-0.01242610963560598
0.00163135710743932,1.302891285976887,-0.0293739476546071
0.00163448210743932,1.170561476991527,-0.04519296133833617
0.00163760710743932,0.9932476469037959,-0.05927523486235176
0.00164073210743932,0.7777638667652584,-0.07107959435252564
0.00164385710743932,0.5323910574019318,-0.08015240489363529
0.00164698210743932,0.266558758271012,-0.08614500346465964
0.00165010710743932,-0.009517244452428304,-0.08882709786323617
0.00165323210743932,-0.2852275048088742,-0.0880956167057104
0.00165635710743932,-0.5499766321129234,-0.08397867040278167
0.00165948210743932,-0.7935904658753399,-0.07663447089206821
0.00166260710743932,-1.00670706308484,-0.06634525164207372
0.001665732107439321,-1.181136472427784,-0.05350642157830454
0.001668857107439321,-1.310175469524305,-0.03861136974004808
0.001671982107439321,-1.388865158081872,-0.02223250461617665
0.001675107107439321,-1.414181537498902,-0.004999256808040364
0.001678232107439321,-1.38515171351199,0.01242610963561375
0.001681357107439321,-1.302891285976839,0.02937394765461487
0.001684482107439321,-1.170561476991456,0.04519296133834327
0.001687607107439321,-0.9932476469037066,0.05927523486235764
0.001690732107439321,-0.7777638667651537,0.07107959435253042
0.001693857107439321,-0.5323910574018156,0.08015240489363873
0.001696982107439321,-0.2665587582708888,0.08614500346466158
0.001700107107439322,0.009517244452553737,0.0888270978632366
0.001703232107439322,0.2852275048089971,0.08809561670570931
0.001706357107439322,0.5499766321130389,0.08397867040277907
0.001709482107439322,0.7935904658754437,0.07663447089206432
0.001712607107439322,1.006707063084928,0.06634525164206861
0.001715732107439322,1.181136472427864,0.05350642157830254
0.001718857107439322,1.310175469524352,0.03861136974003543
0.001721982107439322,1.388865158081895,0.02223250461617043
0.001725107107439322,1.414181537498902,0.004999256808032149
0.001728232107439322,1.385151713511965,-0.01242610963562218
0.001731357107439322,1.30289128597679,-0.02937394765462176
0.001734482107439322,1.170561476991386,-0.04519296133834971
0.001737607107439323,0.9932476469036172,-0.05927523486236352
0.001740732107439323,0.7777638667650489,-0.07107959435253497
0.001743857107439323,0.5323910574016993,-0.08015240489364217
0.001746982107439323,0.2665587582707656,-0.08614500346466347
0.001750107107439323,-0.009517244452679168,-0.08882709786323703
0.001753232107439323,-0.2852275048091199,-0.0880956167057082
0.001756357107439323,-0.5499766321131545,-0.08397867040277646
0.001759482107439323,-0.7935904658755474,-0.0766344708920601
0.001762607107439323,-1.006707063085016,-0.06634525164206329
0.001765732107439323,-1.181136472427933,-0.05350642157829655
0.001768857107439323,-1.310175469524399,-0.03861136974002832
0.001771982107439324,-1.388865158081919,-0.02223250461616288
0.001775107107439324,-1.414181537498901,-0.004999256808024155
0.001778232107439324,-1.385151713511939,0.01242610963562996
0.001781357107439324,-1.302891285976741,0.02937394765462931
0.001784482107439324,-1.170561476991316,0.0451929613383566
0.001787607107439324,-0.9932476469035136,0.05927523486237518
0.001790732107439324,-0.7777638667649442,0.07107959435253297
0.001793857107439324,-0.5323910574015832,0.08015240489364728
0.001796982107439324,-0.2665587582706425,0.08614500346466536
0.001800107107439324,0.0095172444528046,0.08882709786323753
0.001803232107439324,0.2852275048092428,0.08809561670570712
0.001806357107439325,0.5499766321132701,0.0839786704027739
0.001809482107439325,0.7935904658756514,0.07663447089205622
0.001812607107439325,1.006707063085104,0.06634525164205785
0.001815732107439325,1.181136472428002,0.05350642157829011
0.001818857107439325,1.310175469524447,0.038611369740021
0.001821982107439325,1.388865158081943,0.02223250461615534
0.001825107107439325,1.4141815374989,0.004999256808016606
0.001828232107439325,1.385151713511914,-0.01242610963563773
0.001831357107439325,1.302891285976692,-0.02937394765463686
0.001834482107439325,1.170561476991245,-0.04519296133836348
0.001837607107439325,0.9932476469034244,-0.05927523486238073
0.001840732107439326,0.7777638667648393,-0.07107959435253774
0.001843857107439326,0.532391057401467,-0.0801524048936505
0.001846982107439326,0.2665587582705193,-0.0861450034646673
0.001850107107439326,-0.00951724445293003,-0.08882709786323802
0.001853232107439326,-0.2852275048093657,-0.08809561670570601
0.001856357107439326,-0.5499766321133857,-0.08397867040277135
0.001859482107439326,-0.7935904658757551,-0.07663447089205222
0.001862607107439326,-1.006707063085192,-0.06634525164205274
0.001865732107439326,-1.181136472428071,-0.05350642157828389
0.001868857107439326,-1.310175469524494,-0.03861136974001411
0.001871982107439326,-1.388865158081966,-0.02223250461614756
0.001875107107439327,-1.414181537498899,-0.004999256808008612
0.001878232107439327,-1.385151713511889,0.01242610963564506
0.001881357107439327,-1.302891285976643,0.02937394765464441
0.001884482107439327,-1.170561476991175,0.04519296133837036
0.001887607107439327,-0.9932476469033351,0.05927523486238684
0.001890732107439327,-0.7777638667647346,0.07107959435254252
0.001893857107439327,-0.5323910574013507,0.08015240489365394
0.001896982107439327,-0.266558758270396,0.08614500346466908
0.001900107107439327,0.009517244453055462,0.08882709786323838
0.001903232107439327,0.2852275048094885,0.08809561670570487
0.001906357107439327,0.5499766321135012,0.08397867040276868
0.001909482107439328,0.7935904658758589,0.07663447089204822
0.001912607107439328,1.00670706308528,0.06634525164204763
0.001915732107439328,1.18113647242814,0.05350642157827745
0.001918857107439328,1.310175469524541,0.03861136974000701
0.001921982107439328,1.38886515808199,0.02223250461613935
0.001925107107439328,1.414181537498898,0.00499925680800084
0.001928232107439328,1.385151713511864,-0.01242610963565327
0.001931357107439328,1.302891285976595,-0.02937394765465151
0.001934482107439328,1.170561476991104,-0.04519296133837702
0.001937607107439328,0.9932476469032457,-0.05927523486239272
0.001940732107439328,0.7777638667646299,-0.07107959435254729
0.001943857107439328,0.5323910574012346,-0.08015240489365738
0.001946982107439329,0.2665587582702334,-0.08614500346468651
0.001950107107439329,-0.009517244453180893,-0.08882709786322004
0.001953232107439329,-0.2852275048096113,-0.0880956167057079
0.001956357107439329,-0.5499766321136168,-0.08397867040276519
0.001959482107439329,-0.793590465875996,-0.07663447089205744
0.001962607107439329,-1.006707063085368,-0.06634525164202631
0.001965732107439329,-1.181136472428209,-0.05350642157827479
0.001968857107439329,-1.310175469524588,-0.03861136973999924
0.001971982107439329,-1.388865158082017,-0.0222325046161338
0.001975107107439329,-1.414181537498897,-0.004999256807990848
0.001978232107439329,-1.385151713511838,0.01242610963566038
0.00198135710743933,-1.302891285976546,0.02937394765465928
0.00198448210743933,-1.170561476991012,0.04519296133839257
0.00198760710743933,-0.9932476469031566,0.05927523486238806
0.00199073210743933,-0.7777638667645251,0.07107959435255451
0.00199385710743933,-0.5323910574011184,0.08015240489366038
0.00199698210743933,-0.2665587582701102,0.08614500346468856
0.00200010710743933,0.009517244453306326,0.08882709786322054
0.00200323210743933,0.2852275048097342,0.08809561670570684
0.00200635710743933,0.5499766321137324,0.08397867040276258
0.00200948210743933,0.7935904658760999,0.07663447089205344
0.00201260710743933,1.006707063085456,0.0663452516420211
0.002015732107439331,1.181136472428278,0.05350642157826835
0.002018857107439331,1.310175469524635,0.03861136973999235
0.002021982107439331,1.388865158082041,0.02223250461612603
0.002025107107439331,1.414181537498896,0.004999256807982855
0.002028232107439331,1.385151713511813,-0.01242610963566859
0.002031357107439331,1.302891285976497,-0.02937394765466705
0.002034482107439331,1.170561476990941,-0.04519296133839945
0.002037607107439331,0.9932476469030672,-0.05927523486239372
0.002040732107439331,0.7777638667644203,-0.07107959435255917
0.002043857107439331,0.5323910574010208,-0.08015240489365649
0.002046982107439331,0.2665587582700068,-0.08614500346469162
0.002050107107439332,-0.009517244453451854,-0.08882709786323628
0.002053232107439332,-0.2852275048098571,-0.08809561670569449
0.002056357107439332,-0.5499766321138478,-0.08397867040276241
0.002059482107439332,-0.7935904658761871,-0.07663447089204234
0.002062607107439332,-1.006707063085559,-0.06634525164202931
0.002065732107439332,-1.181136472428347,-0.05350642157825369
0.002068857107439332,-1.310175469524683,-0.03861136973998724
0.002071982107439332,-1.388865158082065,-0.02223250461611803
0.002075107107439332,-1.414181537498896,-0.004999256807975083
0.002078232107439332,-1.385151713511784,0.01242610963567814
0.002081357107439332,-1.302891285976448,0.02937394765467261
0.002084482107439333,-1.170561476990871,0.04519296133840678
0.002087607107439333,-0.9932476469029922,0.05927523486239394
0.002090732107439333,-0.7777638667642988,0.07107959435257716
0.002093857107439333,-0.5323910574008859,0.08015240489365771
0.002096982107439333,-0.2665587582698639,0.08614500346469461
0.002100107107439333,0.009517244453557188,0.08882709786322096
0.002103232107439333,0.2852275048099996,0.08809561670571239
0.002106357107439333,0.549976632113982,0.08397867040275514
0.002109482107439333,0.7935904658763075,0.07663447089203868
0.002112607107439333,1.006707063085633,0.0663452516420121
0.002115732107439333,1.181136472428405,0.05350642157825125
0.002118857107439334,1.310175469524737,0.03861136973998613
0.002121982107439334,1.388865158082092,0.0222325046161076
0.002125107107439334,1.414181537498895,0.004999256807966423
0.002128232107439334,1.385151713511762,-0.01242610963568391
0.002131357107439334,1.302891285976392,-0.0293739476546846
0.002134482107439334,1.170561476990789,-0.04519296133841366
0.002137607107439334,0.9932476469028886,-0.05927523486240094
0.002140732107439334,0.7777638667642108,-0.07107959435256961
0.002143857107439334,0.5323910574007883,-0.08015240489366315
0.002146982107439334,0.2665587582697604,-0.08614500346469567
0.002150107107439334,-0.009517244453702715,-0.08882709786323709
0.002153232107439334,-0.2852275048101028,-0.0880956167056923
0.002156357107439335,-0.549976632114079,-0.08397867040275725
0.002159482107439335,-0.7935904658763946,-0.07663447089203435
0.002162607107439335,-1.006707063085735,-0.06634525164201899
0.002165732107439335,-1.181136472428485,-0.05350642157824104
0.002168857107439335,-1.310175469524777,-0.03861136973997259
0.002171982107439335,-1.388865158082112,-0.02223250461610249
0.002175107107439335,-1.414181537498894,-0.004999256807959762
0.002178232107439335,-1.385151713511733,0.01242610963569324
0.002181357107439335,-1.302891285976351,0.02937394765468726
0.002184482107439335,-1.17056147699073,0.0451929613384201
0.002187607107439335,-0.9932476469028136,0.05927523486240571
0.002190732107439336,-0.7777638667640894,0.0710795943525867
0.002193857107439336,-0.5323910574006535,0.08015240489366471
0.002196982107439336,-0.2665587582696175,0.08614500346469867
0.002200107107439336,0.009517244453808051,0.08882709786322182
0.002203232107439336,0.2852275048102453,0.08809561670571017
0.002206357107439336,0.5499766321142131,0.08397867040274998
0.002209482107439336,0.7935904658765153,0.07663447089203057
0.002212607107439336,1.006707063085809,0.06634525164200145
0.002215732107439336,1.181136472428543,0.05350642157823859
0.002218857107439336,1.310175469524832,0.03861136973997192
0.002221982107439336,1.388865158082139,0.0222325046160925
0.002225107107439337,1.414181537498893,0.004999256807950436
0.002228232107439337,1.385151713511712,-0.01242610963569968
0.002231357107439337,1.302891285976294,-0.02937394765469969
0.002234482107439337,1.170561476990648,-0.04519296133842721
0.002237607107439337,0.9932476469027101,-0.0592752348624126
0.002240732107439337,0.7777638667640012,-0.07107959435257927
0.002243857107439337,0.5323910574005559,-0.08015240489366993
0.002246982107439337,0.2665587582694746,-0.08614500346471504
0.002250107107439337,-0.009517244453953579,-0.08882709786321924
0.002253232107439337,-0.2852275048103485,-0.08809561670569421
0.002256357107439337,-0.5499766321143101,-0.08397867040275109
0.002259482107439338,-0.7935904658766023,-0.07663447089202646
0.002262607107439338,-1.006707063085911,-0.06634525164200822
0.002265732107439338,-1.181136472428623,-0.0535064215782286
0.002268857107439338,-1.310175469524872,-0.03861136973995838
0.002271982107439338,-1.388865158082159,-0.02223250461608761
0.002275107107439338,-1.414181537498892,-0.004999256807943775
0.002278232107439338,-1.385151713511682,0.012426109635709
0.002281357107439338,-1.302891285976253,0.02937394765470236
0.002284482107439338,-1.170561476990589,0.04519296133843387
0.002287607107439338,-0.9932476469026351,0.05927523486241715
0.002290732107439338,-0.7777638667638798,0.07107959435259636
0.002293857107439339,-0.532391057400421,0.08015240489367137
0.002296982107439339,-0.2665587582693711,0.08614500346470244
0.002300107107439339,0.009517244454058913,0.08882709786322279
0.002303232107439339,0.285227504810491,0.08809561670570795
0.002306357107439339,0.5499766321144443,0.08397867040274487
0.002309482107439339,0.7935904658767228,0.07663447089202269
0.002312607107439339,1.006707063085985,0.06634525164199101
0.002315732107439339,1.181136472428681,0.05350642157822594
0.002318857107439339,1.310175469524926,0.03861136973995793
0.002321982107439339,1.388865158082186,0.02223250461607718
0.002325107107439339,1.414181537498891,0.004999256807935337
0.00232823210743934,1.385151713511661,-0.012426109635715
0.00233135710743934,1.302891285976197,-0.02937394765471479
0.00233448210743934,1.170561476990507,-0.04519296133844097
0.00233760710743934,0.9932476469025315,-0.05927523486242448
0.00234073210743934,0.7777638667637918,-0.07107959435258882
0.00234385710743934,0.5323910574002862,-0.08015240489369158
0.00234698210743934,0.2665587582692282,-0.08614500346470128
0.00235010710743934,-0.00951724445420444,-0.08882709786322393
0.00235323210743934,-0.2852275048105942,-0.08809561670569119
0.00235635710743934,-0.5499766321145783,-0.08397867040276052
0.00235948210743934,-0.7935904658768099,-0.0766344708920007
0.00236260710743934,-1.006707063086087,-0.06634525164200156
0.002365732107439341,-1.181136472428761,-0.05350642157821506
0.002368857107439341,-1.310175469524981,-0.03861136973995039
0.002371982107439341,-1.388865158082206,-0.02223250461606496
0.002375107107439341,-1.41418153749889,-0.004999256807929786
0.002378232107439341,-1.385151713511632,0.01242610963572521
0.002381357107439341,-1.30289128597614,0.02937394765472301
0.002384482107439341,-1.170561476990448,0.04519296133844009
0.002387607107439341,-0.9932476469024565,0.05927523486243091
0.002390732107439341,-0.7777638667636703,0.07107959435260536
0.002393857107439341,-0.5323910574001515,0.0801524048936928
0.002396982107439341,-0.2665587582691248,0.08614500346468867
0.002400107107439342,0.009517244454309777,0.08882709786322755
0.002403232107439342,0.2852275048107367,0.0880956167057049
0.002406357107439342,0.5499766321147123,0.0839786704027542
0.002409482107439342,0.7935904658769305,0.07663447089199704
0.002412607107439342,1.006707063086161,0.06634525164198446
0.002415732107439342,1.181136472428819,0.05350642157821239
0.002418857107439342,1.310175469525036,0.03861136973994972
0.002421982107439342,1.388865158082234,0.0222325046160543
0.002425107107439342,1.41418153749889,0.004999256807920904
0.002428232107439342,1.385151713511611,-0.01242610963573099
0.002431357107439342,1.302891285976099,-0.02937394765472945
0.002434482107439343,1.170561476990367,-0.04519296133845452
0.002437607107439343,0.9932476469023528,-0.05927523486243602
0.002440732107439343,0.7777638667635823,-0.07107959435259814
0.002443857107439343,0.5323910574000539,-0.08015240489369813
0.002446982107439343,0.2665587582689818,-0.08614500346470522
0.002450107107439343,-0.009517244454455304,-0.08882709786322486
0.002453232107439343,-0.2852275048108399,-0.08809561670568894
0.002456357107439343,-0.5499766321148094,-0.08397867040275536
0.002459482107439343,-0.7935904658770176,-0.07663447089199271
0.002462607107439343,-1.006707063086263,-0.06634525164199112
0.002465732107439343,-1.181136472428899,-0.0535064215782024
0.002468857107439344,-1.310175469525076,-0.03861136973993595
0.002471982107439344,-1.388865158082254,-0.02223250461604964
0.002475107107439344,-1.414181537498889,-0.004999256807913355
0.002478232107439344,-1.385151713511581,0.01242610963574053
0.002481357107439344,-1.302891285976042,0.02937394765473766
0.002484482107439344,-1.170561476990308,0.04519296133845341
0.002487607107439344,-0.993247646902278,0.05927523486244246
0.002490732107439344,-0.7777638667634607,0.0710795943526149
0.002493857107439344,-0.5323910573999191,0.08015240489369968
0.002496982107439344,-0.2665587582688784,0.08614500346469278
0.002500107107439344,0.009517244454560638,0.08882709786322839
0.002503232107439345,0.2852275048109825,0.0880956167057027
0.002506357107439345,0.5499766321149434,0.08397867040274898
0.002509482107439345,0.7935904658771381,0.07663447089198894
0.002512607107439345,1.006707063086337,0.0663452516419738
0.002515732107439345,1.181136472428979,0.0535064215782084
0.002518857107439345,1.31017546952513,0.03861136973992463
0.002521982107439345,1.388865158082281,0.02223250461604143
0.002525107107439345,1.414181537498888,0.004999256807904473
0.002528232107439345,1.38515171351156,-0.01242610963574675
0.002531357107439345,1.302891285976002,-0.02937394765474388
0.002534482107439345,1.170561476990226,-0.04519296133846762
0.002537607107439345,0.9932476469021743,-0.05927523486244801
0.002540732107439346,0.7777638667633727,-0.07107959435260736
0.002543857107439346,0.5323910573998215,-0.08015240489370501
0.002546982107439346,0.2665587582687354,-0.08614500346470921
0.002550107107439346,-0.009517244454706166,-0.08882709786322569
0.002553232107439346,-0.2852275048110857,-0.0880956167056868
0.002556357107439346,-0.5499766321150406,-0.08397867040275009
0.002559482107439346,-0.7935904658772254,-0.07663447089198472
0.002562607107439346,-1.006707063086439,-0.06634525164198046
0.002565732107439346,-1.181136472429037,-0.05350642157818997
0.002568857107439346,-1.31017546952517,-0.03861136973992196
0.002571982107439346,-1.388865158082301,-0.02223250461603432
0.002575107107439347,-1.414181537498887,-0.00499925680789759
0.002578232107439347,-1.385151713511531,0.0124261096357563
0.002581357107439347,-1.302891285975945,0.02937394765475299
0.002584482107439347,-1.170561476990167,0.04519296133846717
0.002587607107439347,-0.9932476469020707,0.05927523486246566
0.002590732107439347,-0.7777638667632513,0.07107959435261058
0.002593857107439347,-0.5323910573996866,0.08015240489370956
0.002596982107439347,-0.266558758268632,0.08614500346469589
0.002600107107439347,0.009517244454811502,0.08882709786322937
0.002603232107439347,0.2852275048112282,0.08809561670570049
0.002606357107439347,0.5499766321151746,0.08397867040274382
0.002609482107439348,0.7935904658773458,0.07663447089198094
0.002612607107439348,1.006707063086514,0.06634525164196337
0.002615732107439348,1.181136472429117,0.05350642157819596
0.002618857107439348,1.310175469525225,0.03861136973991064
0.002621982107439348,1.388865158082328,0.02223250461602611
0.002625107107439348,1.414181537498886,0.00499925680788893
0.002628232107439348,1.385151713511509,-0.01242610963576229
0.002631357107439348,1.302891285975904,-0.0293739476547592
0.002634482107439348,1.170561476990085,-0.04519296133848183
0.002637607107439348,0.9932476469019957,-0.05927523486245978
0.002640732107439348,0.7777638667631633,-0.0710795943526169
0.002643857107439349,0.532391057399589,-0.08015240489371211
0.002646982107439349,0.2665587582684891,-0.0861450034647131
0.002650107107439349,-0.00951724445495703,-0.08882709786322664
0.002653232107439349,-0.2852275048113314,-0.08809561670568458
0.002656357107439349,-0.5499766321152717,-0.08397867040274493
0.002659482107439349,-0.7935904658774662,-0.07663447089198983
0.002662607107439349,-1.006707063086616,-0.06634525164195448
0.002665732107439349,-1.181136472429175,-0.05350642157818064
0.002668857107439349,-1.310175469525264,-0.03861136973990686
0.002671982107439349,-1.388865158082348,-0.02223250461601944
0.002675107107439349,-1.414181537498885,-0.004999256807882491
0.00267823210743935,-1.38515171351148,0.01242610963577206
0.00268135710743935,-1.302891285975847,0.02937394765476786
0.00268448210743935,-1.170561476990026,0.0451929613384805
0.00268760710743935,-0.9932476469018922,0.05927523486247743
0.00269073210743935,-0.7777638667630417,0.07107959435262023
0.00269385710743935,-0.5323910573994542,0.08015240489371622
0.00269698210743935,-0.2665587582683857,0.08614500346469983
0.00270010710743935,0.009517244455062364,0.08882709786323029
0.00270323210743935,0.2852275048114739,0.08809561670569827
0.00270635710743935,0.5499766321154057,0.08397867040273854
0.00270948210743935,0.7935904658775533,0.07663447089197273
0.002712607107439351,1.00670706308669,0.06634525164195293
0.002715732107439351,1.181136472429255,0.05350642157818331
0.002718857107439351,1.310175469525319,0.03861136973989643
0.002721982107439351,1.388865158082376,0.02223250461601101
0.002725107107439351,1.414181537498885,0.004999256807873165
0.002728232107439351,1.385151713511459,-0.01242610963577784
0.002731357107439351,1.302891285975791,-0.02937394765478007
0.002734482107439351,1.170561476989944,-0.04519296133848805
0.002737607107439351,0.9932476469018171,-0.05927523486247321
0.002740732107439351,0.7777638667629537,-0.07107959435262612
0.002743857107439351,0.5323910573993567,-0.08015240489371889
0.002746982107439351,0.2665587582682427,-0.0861450034647171
0.002750107107439352,-0.009517244455207892,-0.08882709786322754
0.002753232107439352,-0.2852275048116164,-0.08809561670569768
0.002756357107439352,-0.5499766321155027,-0.083978670402721
0.002759482107439352,-0.7935904658776738,-0.07663447089198594
0.002762607107439352,-1.006707063086792,-0.06634525164194294
0.002765732107439352,-1.181136472429335,-0.05350642157817664
0.002768857107439352,-1.310175469525359,-0.03861136973988222
0.002771982107439352,-1.388865158082396,-0.02223250461600657
0.002775107107439352,-1.414181537498884,-0.004999256807865615
0.002778232107439352,-1.385151713511421,0.01242610963579049
0.002781357107439352,-1.30289128597575,0.02937394765477852
0.002784482107439353,-1.170561476989885,0.04519296133849537
0.002787607107439353,-0.9932476469017135,0.05927523486248909
0.002790732107439353,-0.7777638667627985,0.071079594352643
0.002793857107439353,-0.5323910573992218,0.08015240489370712
0.002796982107439353,-0.2665587582681392,0.08614500346470738
0.002800107107439353,0.009517244455313227,0.08882709786323043
0.002803232107439353,0.285227504811759,0.08809561670571159
0.002806357107439353,0.5499766321156369,0.08397867040271462
0.002809482107439353,0.793590465877761,0.07663447089196895
0.002812607107439353,1.006707063086866,0.06634525164194138
0.002815732107439353,1.181136472429393,0.05350642157817109
0.002818857107439354,1.310175469525414,0.03861136973988244
0.002821982107439354,1.388865158082423,0.02223250461599546
0.002825107107439354,1.414181537498883,0.004999256807857178
0.002828232107439354,1.3851517135114,-0.01242610963579649
0.002831357107439354,1.302891285975693,-0.02937394765479096
0.002834482107439354,1.170561476989804,-0.04519296133850226
0.002837607107439354,0.9932476469016386,-0.05927523486248498
0.002840732107439354,0.7777638667627106,-0.07107959435264888
0.002843857107439354,0.5323910573991242,-0.08015240489370978
0.002846982107439354,0.2665587582679964,-0.08614500346472442
0.002850107107439354,-0.009517244455458755,-0.0888270978632277
0.002853232107439355,-0.2852275048118622,-0.08809561670569566
0.002856357107439355,-0.5499766321157339,-0.08397867040271573
0.002859482107439355,-0.7935904658778815,-0.07663447089197795
0.002862607107439355,-1.006707063086968,-0.06634525164193239
0.002865732107439355,-1.181136472429473,-0.05350642157816421
0.002868857107439355,-1.310175469525453,-0.03861136973986778
0.002871982107439355,-1.388865158082443,-0.02223250461599147
0.002875107107439355,-1.414181537498882,-0.004999256807850294
0.002878232107439355,-1.385151713511371,0.01242610963580626
0.002881357107439355,-1.302891285975652,0.0293739476547934
0.002884482107439355,-1.170561476989745,0.04519296133850847
0.002887607107439356,-0.993247646901535,0.05927523486250086
0.002890732107439356,-0.7777638667625891,0.07107959435265243
0.002893857107439356,-0.5323910573989894,0.08015240489371411
0.002896982107439356,-0.2665587582678929,0.08614500346471138
0.002900107107439356,0.009517244455604283,0.08882709786324697
0.002903232107439356,0.2852275048120047,0.0880956167056903
0.002906357107439356,0.549976632115868,0.08397867040271367
0.002909482107439356,0.7935904658779687,0.07663447089196018
0.002912607107439356,1.006707063087042,0.06634525164193139
0.002915732107439356,1.181136472429531,0.05350642157815821
0.002918857107439356,1.310175469525508,0.03861136973986823
0.002921982107439357,1.38886515808247,0.02223250461598059
0.002925107107439357,1.414181537498881,0.004999256807841634
0.002928232107439357,1.38515171351135,-0.01242610963581225
0.002931357107439357,1.302891285975596,-0.02937394765480628
0.002934482107439357,1.170561476989663,-0.04519296133851558
0.002937607107439357,0.99324764690146,-0.05927523486249653
0.002940732107439357,0.777763866762501,-0.07107959435265843
0.002943857107439357,0.5323910573988918,-0.08015240489371644
0.002946982107439357,0.2665587582677499,-0.08614500346472853
0.002950107107439357,-0.009517244455709619,-0.08882709786322852
0.002953232107439357,-0.2852275048121078,-0.08809561670569344
0.002956357107439357,-0.549976632115965,-0.08397867040271056
0.002959482107439358,-0.7935904658780891,-0.07663447089196973
0.002962607107439358,-1.006707063087144,-0.06634525164192173
0.002965732107439358,-1.181136472429611,-0.05350642157815177
0.002968857107439358,-1.310175469525548,-0.03861136973985335
0.002971982107439358,-1.388865158082498,-0.02223250461597881
0.002975107107439358,-1.41418153749888,-0.004999256807830976
0.002978232107439358,-1.38515171351132,0.01242610963582114
0.002981357107439358,-1.302891285975555,0.02937394765480894
0.002984482107439358,-1.170561476989604,0.04519296133852246
0.002987607107439358,-0.9932476469013565,0.0592752348625124
0.002990732107439358,-0.7777638667623795,0.07107959435266176
0.002993857107439359,-0.5323910573987569,0.080152404893721
0.002996982107439359,-0.2665587582676465,0.08614500346471532
0.003,-3.048865613793478e-14,0.08876857226195392
